year,district,hh_total,hh_1person,hh_2persons,hh_3persons,hh_4persons,hh_5persons,hh_6plus,hh_mean_size,pct_1person,pct_small_hh
2012,1 - Centre,7184,4089,1895,644,407,112,37,1.7063,0.5692,0.833
2012,10 - Vallon/Béthusy,3313,1797,849,364,213,72,18,1.7884,0.5424,0.7987
2012,1001 - Le Vallon,694,391,164,90,30,12,7,1.755,0.5634,0.7997
2012,1002 - Hôpitaux,60,29,16,5,7,2,1,2.0167,0.4833,0.75
2012,1003 - Victor-Ruffy,1270,638,347,138,102,38,7,1.8843,0.5024,0.7756
2012,1004 - Béthusy,1289,739,322,131,74,20,3,1.7013,0.5733,0.8231
2012,101 - Rue Centrale,1360,827,364,93,57,15,4,1.5919,0.6081,0.8757
2012,102 - Chauderon,1244,732,340,101,56,9,6,1.6286,0.5884,0.8617
2012,103 - Flon,33,24,6,3,0,0,0,1.3636,0.7273,0.9091
2012,104 - Montbenon,93,50,28,10,4,1,0,1.6882,0.5376,0.8387
2012,105 - Gare/Petit-Chêne,707,368,196,79,45,12,7,1.819,0.5205,0.7977
2012,106 - Georgette,739,352,220,89,58,17,3,1.8904,0.4763,0.774
2012,107 - Avant-Poste,888,483,234,81,71,14,5,1.7827,0.5439,0.8074
2012,108 - Marterey,1049,641,248,85,43,26,6,1.6549,0.6111,0.8475
2012,109 - Cité,416,237,102,36,29,10,2,1.7524,0.5697,0.8149
2012,11 - Chailly/Rovéréaz,4327,1986,1190,522,425,150,54,2.0245,0.459,0.734
2012,110 - Riponne/Tunnel,655,375,157,67,44,8,4,1.7313,0.5725,0.8122
2012,1101 - Chailly,2398,1241,650,276,165,46,20,1.8344,0.5175,0.7886
2012,1102 - Plaisante,655,245,212,90,76,26,6,2.1603,0.374,0.6977
2012,1103 - Bois de Rovéréaz,25,3,9,3,5,3,2,3.16,0.12,0.48
2012,1104 - Craivavers,292,61,90,44,57,30,10,2.8116,0.2089,0.5171
2012,1105 - Devin,957,436,229,109,122,45,16,2.1379,0.4556,0.6949
2012,12 - Sallaz/Vennes/Séchaud,5653,2270,1424,815,730,291,123,2.2641,0.4016,0.6535
2012,1201 - La Sallaz,1604,773,421,188,158,51,13,1.9682,0.4819,0.7444
2012,1202 - Vennes,614,254,148,72,85,44,11,2.285,0.4137,0.6547
2012,1203 - Rte de Berne,522,228,126,71,67,24,6,2.1513,0.4368,0.6782
2012,1204 - Valmont,526,269,127,67,37,16,10,1.943,0.5114,0.7529
2012,1205 - Grangette,662,193,164,108,123,47,27,2.6601,0.2915,0.5393
2012,1206 - Praz-Séchaud,702,159,160,148,138,61,36,2.8946,0.2265,0.4544
2012,1207 - Ch. des Roches,124,23,36,30,19,10,6,2.8468,0.1855,0.4758
2012,1208 - Grand-Vennes,899,371,242,131,103,38,14,2.1669,0.4127,0.6819
2012,13 - Sauvabelin,295,86,69,50,61,21,8,2.6407,0.2915,0.5254
2012,1301 - Sauvabelin,26,12,5,3,3,2,1,2.3077,0.4615,0.6538
2012,1302 - Pré-Fleuri,269,74,64,47,58,19,7,2.6729,0.2751,0.513
2012,14 - Borde/Bellevaux,4896,2212,1354,634,476,165,55,2.0294,0.4518,0.7283
2012,1401 - Borde,1063,459,243,156,122,61,22,2.2201,0.4318,0.6604
2012,1402 - Rouvraie,999,450,339,118,71,16,5,1.8829,0.4505,0.7898
2012,1403 - Bellevaux,2473,1139,650,326,254,80,24,2.0222,0.4606,0.7234
2012,1404 - Rte du Signal,361,164,122,34,29,8,4,1.9224,0.4543,0.7922
2012,15 - Vinet/Pontaise,4128,2342,1019,411,247,78,31,1.7461,0.5673,0.8142
2012,1501 - Pré-du-Marché,1144,700,259,106,60,16,3,1.6407,0.6119,0.8383
2012,1502 - Valentin,1570,913,384,147,90,25,11,1.7096,0.5815,0.8261
2012,1503 - Pontaise,1414,729,376,158,97,37,17,1.872,0.5156,0.7815
2012,16 - Bossons/Blécherette,3294,1324,913,485,389,134,49,2.1779,0.4019,0.6791
2012,1601 - Stade,1,0,0,0,1,0,0,4.0,0.0,0.0
2012,1602 - Ancien-Stand,325,73,84,59,71,29,9,2.8,0.2246,0.4831
2012,1603 - Bois-Mermet,27,10,4,7,4,2,0,2.4074,0.3704,0.5185
2012,1604 - Bois-Gentil,1846,776,494,254,231,64,27,2.1446,0.4204,0.688
2012,1605 - Bossons,1091,465,329,164,82,38,13,2.0385,0.4262,0.7278
2012,1606 - Blécherette,4,0,2,1,0,1,0,3.0,0.0,0.5
2012,17 - Beaulieu/Grey/Boisy,2969,1227,998,368,300,66,10,1.9963,0.4133,0.7494
2012,1701 - Beaulieu,112,33,52,19,7,1,0,2.0268,0.2946,0.7589
2012,1702 - Bergières,1012,390,344,124,116,32,6,2.0909,0.3854,0.7253
2012,1703 - Pierrefleur,1845,804,602,225,177,33,4,1.9425,0.4358,0.7621
2012,2 - Maupas/Valency,7448,3971,2039,766,475,142,55,1.7914,0.5332,0.8069
2012,201 - Maupas,1616,917,441,143,81,25,9,1.6955,0.5675,0.8403
2012,202 - Av. d'Echallens,2079,1072,577,238,124,50,18,1.8336,0.5156,0.7932
2012,203 - Montétan,1250,678,327,130,89,19,7,1.7776,0.5424,0.804
2012,204 - Chablière,1403,664,398,169,125,33,14,1.9458,0.4733,0.7569
2012,205 - Valency,1100,640,296,86,56,15,7,1.6709,0.5818,0.8509
2012,3 - Sébeillon/Malley,4734,2130,1267,616,451,187,83,2.0769,0.4499,0.7176
2012,301 - Av. de Morges,1621,788,455,189,116,48,25,1.9395,0.4861,0.7668
2012,302 - Rue de Sébeillon,16,5,4,2,4,0,1,2.625,0.3125,0.5625
2012,303 - Tivoli,1133,569,327,128,82,22,5,1.8358,0.5022,0.7908
2012,304 - Prélaz,1302,557,315,190,144,58,38,2.2189,0.4278,0.6697
2012,305 - Gare de Sébeillon,4,3,0,1,0,0,0,1.5,0.75,0.75
2012,306 - Av. de Provence,1,0,0,1,0,0,0,3.0,0.0,0.0
2012,307 - Malley,657,208,166,105,105,59,14,2.5388,0.3166,0.5693
2012,4 - Montoie/Bourdonnette,3248,1437,847,423,325,129,87,2.141,0.4424,0.7032
2012,401 - Montoie,1606,826,395,178,135,44,28,1.934,0.5143,0.7603
2012,402 - Vallée de la Jeunesse,27,6,7,5,4,3,2,2.963,0.2222,0.4815
2012,403 - Pyramides,673,333,191,74,43,21,11,1.9183,0.4948,0.7786
2012,404 - Prés-de-Vidy,334,169,95,41,21,6,2,1.8263,0.506,0.7904
2012,405 - Bourget,1,0,0,0,1,0,0,4.0,0.0,0.0
2012,406 - Bourdonnette,607,103,159,125,121,55,44,3.0692,0.1697,0.4316
2012,5 - Montriond/Cour,4140,2079,1156,443,339,95,28,1.8713,0.5022,0.7814
2012,501 - Marc-Dufour,1567,835,420,150,117,34,11,1.8124,0.5329,0.8009
2012,502 - Milan,1,0,0,0,1,0,0,4.0,0.0,0.0
2012,503 - Les Cèdres,20,7,7,2,4,0,0,2.15,0.35,0.7
2012,504 - Cour,1064,512,306,121,92,24,9,1.9154,0.4812,0.7688
2012,505 - Mont-d'Or,1485,725,420,170,125,37,8,1.8963,0.4882,0.771
2012,506 - Bellerive,3,0,3,0,0,0,0,2.0,0.0,1.0
2012,6 - Sous-Gare/Ouchy,5851,3182,1533,593,414,111,18,1.7713,0.5438,0.8058
2012,601 - Grancy,2099,1153,506,227,169,40,4,1.7866,0.5493,0.7904
2012,602 - Harpe,2343,1263,649,234,139,51,7,1.7597,0.5391,0.816
2012,603 - Av. d'Ouchy,625,332,155,60,61,13,4,1.8544,0.5312,0.7792
2012,604 - Ouchy,784,434,223,72,45,7,3,1.699,0.5536,0.838
2012,7 - Montchoisi,2032,1144,519,194,136,26,13,1.7367,0.563,0.8184
2012,701 - Montchoisi,1949,1117,491,184,124,22,11,1.7106,0.5731,0.825
2012,702 - Elysée,83,27,28,10,12,4,2,2.3494,0.3253,0.6627
2012,8 - Florimont/Chissiez,2887,1450,821,286,239,79,12,1.8653,0.5023,0.7866
2012,801 - Florimont,1003,505,285,95,89,28,1,1.8574,0.5035,0.7876
2012,802 - Av. Rambert,497,209,154,61,53,18,2,2.0443,0.4205,0.7304
2012,803 - Chissiez,1387,736,382,130,97,33,9,1.8068,0.5306,0.8061
2012,9 - Mousquines/Bellevue,1224,573,324,142,137,37,11,2.0074,0.4681,0.7328
2012,90 - Zones foraines,1124,284,293,169,242,105,31,2.7464,0.2527,0.5133
2012,901 - Mon-Repos,99,58,22,7,7,4,1,1.798,0.5859,0.8081
2012,9010 - Les Râpes,896,235,232,125,189,90,25,2.74,0.2623,0.5212
2012,902 - Av. Secrétan,775,341,203,95,102,27,7,2.0955,0.44,0.7019
2012,9020 - Montheron,51,12,17,11,8,1,2,2.549,0.2353,0.5686
2012,903 - Ch. de la Vuachère,350,174,99,40,28,6,3,1.8714,0.4971,0.78
2012,9030 - Vernand,177,37,44,33,45,14,4,2.8362,0.209,0.4576
2012,Ville de Lausanne,68747,33583,18510,7925,6006,2000,723,1.9414,0.4885,0.7577
2013,1 - Centre,7174,4033,1894,666,425,113,43,1.7264,0.5622,0.8262
2013,10 - Vallon/Béthusy,3248,1709,881,359,209,71,19,1.8079,0.5262,0.7974
2013,1001 - Le Vallon,678,359,189,83,26,17,4,1.7743,0.5295,0.8083
2013,1002 - Hôpitaux,44,14,19,3,6,1,1,2.2045,0.3182,0.75
2013,1003 - Victor-Ruffy,1247,619,341,143,100,34,10,1.9006,0.4964,0.7698
2013,1004 - Béthusy,1279,717,332,130,77,19,4,1.7217,0.5606,0.8202
2013,101 - Rue Centrale,1404,860,351,119,54,16,4,1.5976,0.6125,0.8625
2013,102 - Chauderon,1229,696,345,103,63,14,8,1.6867,0.5663,0.847
2013,103 - Flon,32,20,10,1,1,0,0,1.4688,0.625,0.9375
2013,104 - Montbenon,92,50,26,11,5,0,0,1.6848,0.5435,0.8261
2013,105 - Gare/Petit-Chêne,696,350,207,71,49,10,9,1.8477,0.5029,0.8003
2013,106 - Georgette,742,349,223,97,54,16,3,1.8908,0.4704,0.7709
2013,107 - Avant-Poste,881,470,241,79,73,15,3,1.79,0.5335,0.807
2013,108 - Marterey,1070,647,253,88,52,22,8,1.6738,0.6047,0.8411
2013,109 - Cité,404,233,94,35,32,8,2,1.7525,0.5767,0.8094
2013,11 - Chailly/Rovéréaz,4304,1924,1203,541,438,150,48,2.0425,0.447,0.7265
2013,110 - Riponne/Tunnel,624,358,144,62,42,12,6,1.766,0.5737,0.8045
2013,1101 - Chailly,2386,1220,647,283,172,48,16,1.8453,0.5113,0.7825
2013,1102 - Plaisante,650,233,208,97,82,23,7,2.2031,0.3585,0.6785
2013,1103 - Bois de Rovéréaz,28,5,8,6,4,4,1,2.9286,0.1786,0.4643
2013,1104 - Craivavers,288,61,85,42,60,28,12,2.8507,0.2118,0.5069
2013,1105 - Devin,952,405,255,113,120,47,12,2.1565,0.4254,0.6933
2013,12 - Sallaz/Vennes/Séchaud,5785,2325,1428,865,740,298,129,2.2695,0.4019,0.6487
2013,1201 - La Sallaz,1616,772,397,209,160,61,17,2.0155,0.4777,0.7234
2013,1202 - Vennes,608,252,140,85,85,33,13,2.2747,0.4145,0.6447
2013,1203 - Rte de Berne,633,278,164,83,77,24,7,2.1043,0.4392,0.6983
2013,1204 - Valmont,523,263,126,69,43,12,10,1.9579,0.5029,0.7438
2013,1205 - Grangette,680,217,156,107,121,54,25,2.6162,0.3191,0.5485
2013,1206 - Praz-Séchaud,699,150,162,151,134,67,35,2.9227,0.2146,0.4464
2013,1207 - Ch. des Roches,125,22,37,28,20,13,5,2.88,0.176,0.472
2013,1208 - Grand-Vennes,901,371,246,133,100,34,17,2.1654,0.4118,0.6848
2013,13 - Sauvabelin,297,80,72,51,61,25,8,2.7003,0.2694,0.5118
2013,1301 - Sauvabelin,27,11,6,3,3,3,1,2.4444,0.4074,0.6296
2013,1302 - Pré-Fleuri,270,69,66,48,58,22,7,2.7259,0.2556,0.5
2013,14 - Borde/Bellevaux,4917,2179,1380,625,497,173,63,2.0557,0.4432,0.7238
2013,1401 - Borde,1064,437,258,161,118,62,28,2.2688,0.4107,0.6532
2013,1402 - Rouvraie,1005,454,330,119,85,13,4,1.8945,0.4517,0.7801
2013,1403 - Bellevaux,2478,1118,669,316,259,92,24,2.0452,0.4512,0.7211
2013,1404 - Rte du Signal,370,170,123,29,35,6,7,1.9514,0.4595,0.7919
2013,15 - Vinet/Pontaise,4106,2265,1010,463,254,88,26,1.7808,0.5516,0.7976
2013,1501 - Pré-du-Marché,1129,664,265,115,61,18,6,1.6962,0.5881,0.8229
2013,1502 - Valentin,1552,871,401,161,82,30,7,1.7287,0.5612,0.8196
2013,1503 - Pontaise,1425,730,344,187,111,40,13,1.9046,0.5123,0.7537
2013,16 - Bossons/Blécherette,3282,1303,888,504,402,138,47,2.1993,0.397,0.6676
2013,1601 - Stade,2,1,0,0,1,0,0,2.5,0.5,0.5
2013,1602 - Ancien-Stand,330,74,83,66,65,31,11,2.8182,0.2242,0.4758
2013,1603 - Bois-Mermet,28,11,4,6,5,2,0,2.3929,0.3929,0.5357
2013,1604 - Bois-Gentil,1828,747,480,270,237,70,24,2.1789,0.4086,0.6712
2013,1605 - Bossons,1091,470,318,162,94,35,12,2.0412,0.4308,0.7223
2013,1606 - Blécherette,3,0,3,0,0,0,0,2.0,0.0,1.0
2013,17 - Beaulieu/Grey/Boisy,3007,1244,1002,387,294,69,11,1.9977,0.4137,0.7469
2013,1701 - Beaulieu,112,33,48,22,7,2,0,2.0804,0.2946,0.7232
2013,1702 - Bergières,1008,388,344,123,117,30,6,2.0883,0.3849,0.7262
2013,1703 - Pierrefleur,1887,823,610,242,170,37,5,1.9444,0.4361,0.7594
2013,2 - Maupas/Valency,7414,3864,2070,787,495,150,48,1.8116,0.5212,0.8004
2013,201 - Maupas,1591,878,465,134,81,24,9,1.7077,0.5519,0.8441
2013,202 - Av. d'Echallens,2095,1063,579,248,145,45,15,1.8496,0.5074,0.7838
2013,203 - Montétan,1245,659,328,133,94,23,8,1.8161,0.5293,0.7928
2013,204 - Chablière,1379,636,391,176,128,38,10,1.971,0.4612,0.7447
2013,205 - Valency,1104,628,307,96,47,20,6,1.6848,0.5688,0.8469
2013,3 - Sébeillon/Malley,4754,2083,1312,654,434,186,85,2.0888,0.4382,0.7141
2013,301 - Av. de Morges,1656,768,483,207,122,51,25,1.9764,0.4638,0.7554
2013,302 - Rue de Sébeillon,16,6,4,2,4,0,0,2.25,0.375,0.625
2013,303 - Tivoli,1138,553,330,149,77,22,7,1.8691,0.4859,0.7759
2013,304 - Prélaz,1287,548,332,180,132,60,35,2.195,0.4258,0.6838
2013,305 - Gare de Sébeillon,4,3,0,1,0,0,0,1.5,0.75,0.75
2013,306 - Av. de Provence,1,0,0,0,1,0,0,4.0,0.0,0.0
2013,307 - Malley,652,205,163,115,98,53,18,2.5445,0.3144,0.5644
2013,4 - Montoie/Bourdonnette,3354,1474,875,442,331,139,93,2.1527,0.4395,0.7004
2013,401 - Montoie,1602,814,402,183,129,47,27,1.9395,0.5081,0.7591
2013,402 - Vallée de la Jeunesse,140,39,42,29,18,5,7,2.5429,0.2786,0.5786
2013,403 - Pyramides,677,343,189,69,48,19,9,1.8877,0.5066,0.7858
2013,404 - Prés-de-Vidy,327,169,88,46,18,5,1,1.7951,0.5168,0.7859
2013,405 - Bourget,2,1,0,0,0,1,0,3.0,0.5,0.5
2013,406 - Bourdonnette,606,108,154,115,118,62,49,3.1122,0.1782,0.4323
2013,5 - Montriond/Cour,4174,2066,1179,465,357,73,34,1.8807,0.495,0.7774
2013,501 - Marc-Dufour,1602,854,419,157,123,32,17,1.8315,0.5331,0.7946
2013,502 - Milan,1,0,1,0,0,0,0,2.0,0.0,1.0
2013,503 - Les Cèdres,19,6,7,2,4,0,0,2.2105,0.3158,0.6842
2013,504 - Cour,1051,490,318,120,97,16,10,1.9258,0.4662,0.7688
2013,505 - Mont-d'Or,1498,716,431,186,133,25,7,1.8972,0.478,0.7657
2013,506 - Bellerive,3,0,3,0,0,0,0,2.0,0.0,1.0
2013,6 - Sous-Gare/Ouchy,5874,3169,1548,633,394,115,15,1.7739,0.5395,0.803
2013,601 - Grancy,2111,1143,518,243,158,43,6,1.7987,0.5414,0.7868
2013,602 - Harpe,2354,1258,657,250,137,46,6,1.7596,0.5344,0.8135
2013,603 - Av. d'Ouchy,618,315,164,67,54,15,3,1.8706,0.5097,0.7751
2013,604 - Ouchy,791,453,209,73,45,11,0,1.6751,0.5727,0.8369
2013,7 - Montchoisi,2045,1164,515,181,139,32,14,1.7364,0.5692,0.821
2013,701 - Montchoisi,1963,1136,490,169,127,30,11,1.7106,0.5787,0.8283
2013,702 - Elysée,82,28,25,12,12,2,3,2.3537,0.3415,0.6463
2013,8 - Florimont/Chissiez,2876,1423,818,287,255,76,17,1.8912,0.4948,0.7792
2013,801 - Florimont,988,487,278,97,96,27,3,1.8968,0.4929,0.7743
2013,802 - Av. Rambert,502,211,143,68,62,13,5,2.0896,0.4203,0.7052
2013,803 - Chissiez,1386,725,397,122,97,36,9,1.8153,0.5231,0.8095
2013,9 - Mousquines/Bellevue,1218,560,329,154,131,36,8,2.0033,0.4598,0.7299
2013,90 - Zones foraines,1142,270,304,158,266,108,36,2.8091,0.2364,0.5026
2013,901 - Mon-Repos,96,54,22,9,6,4,1,1.8333,0.5625,0.7917
2013,9010 - Les Râpes,914,218,241,124,214,85,32,2.8195,0.2385,0.5022
2013,902 - Av. Secrétan,774,332,214,101,97,26,4,2.0788,0.4289,0.7054
2013,9020 - Montheron,53,17,17,7,8,3,1,2.3774,0.3208,0.6415
2013,903 - Ch. de la Vuachère,348,174,93,44,28,6,3,1.8822,0.5,0.7672
2013,9030 - Vernand,175,35,46,27,44,20,3,2.8857,0.2,0.4629
2013,Ville de Lausanne,68971,33135,18708,8222,6122,2040,744,1.959,0.4804,0.7517
2014,1 - Centre,7278,4112,1888,698,428,111,41,1.7225,0.565,0.8244
2014,10 - Vallon/Béthusy,3286,1740,872,366,210,76,22,1.8125,0.5295,0.7949
2014,1001 - Le Vallon,680,368,183,75,30,21,3,1.7721,0.5412,0.8103
2014,1002 - Hôpitaux,48,22,14,2,8,1,1,2.0833,0.4583,0.75
2014,1003 - Victor-Ruffy,1276,645,329,159,93,38,12,1.9013,0.5055,0.7633
2014,1004 - Béthusy,1282,705,346,130,79,16,6,1.7356,0.5499,0.8198
2014,101 - Rue Centrale,1422,870,342,129,61,14,6,1.6153,0.6118,0.8523
2014,102 - Chauderon,1250,723,328,120,61,10,8,1.6712,0.5784,0.8408
2014,103 - Flon,30,17,12,0,1,0,0,1.5,0.5667,0.9667
2014,104 - Montbenon,91,48,25,13,4,1,0,1.7363,0.5275,0.8022
2014,105 - Gare/Petit-Chêne,694,343,202,80,51,13,5,1.8602,0.4942,0.7853
2014,106 - Georgette,753,364,214,94,57,21,3,1.8964,0.4834,0.7676
2014,107 - Avant-Poste,880,462,250,77,66,22,3,1.8045,0.525,0.8091
2014,108 - Marterey,1078,645,258,97,52,18,8,1.6753,0.5983,0.8377
2014,109 - Cité,420,248,96,35,31,6,4,1.731,0.5905,0.819
2014,11 - Chailly/Rovéréaz,4319,1934,1209,526,453,144,53,2.0451,0.4478,0.7277
2014,110 - Riponne/Tunnel,660,392,161,53,44,6,4,1.6773,0.5939,0.8379
2014,1101 - Chailly,2390,1218,651,277,183,43,18,1.851,0.5096,0.782
2014,1102 - Plaisante,660,247,208,101,70,24,10,2.1758,0.3742,0.6894
2014,1103 - Bois de Rovéréaz,27,5,9,4,6,1,2,2.8889,0.1852,0.5185
2014,1104 - Craivavers,292,56,91,40,63,32,10,2.8767,0.1918,0.5034
2014,1105 - Devin,950,408,250,104,131,44,13,2.1632,0.4295,0.6926
2014,12 - Sallaz/Vennes/Séchaud,5825,2286,1491,879,744,296,129,2.2771,0.3924,0.6484
2014,1201 - La Sallaz,1625,776,394,224,149,65,17,2.016,0.4775,0.72
2014,1202 - Vennes,628,262,145,80,93,37,11,2.2707,0.4172,0.6481
2014,1203 - Rte de Berne,676,273,198,99,78,19,9,2.1243,0.4038,0.6967
2014,1204 - Valmont,511,249,131,61,46,15,9,1.9883,0.4873,0.7436
2014,1205 - Grangette,686,210,171,106,120,51,28,2.6254,0.3061,0.5554
2014,1206 - Praz-Séchaud,700,145,175,141,140,67,32,2.91,0.2071,0.4571
2014,1207 - Ch. des Roches,122,20,36,25,24,10,7,2.9672,0.1639,0.459
2014,1208 - Grand-Vennes,877,351,241,143,94,32,16,2.1779,0.4002,0.675
2014,13 - Sauvabelin,331,95,90,50,61,27,8,2.5982,0.287,0.5589
2014,1301 - Sauvabelin,27,12,6,2,2,3,2,2.4815,0.4444,0.6667
2014,1302 - Pré-Fleuri,304,83,84,48,59,24,6,2.6086,0.273,0.5493
2014,14 - Borde/Bellevaux,4913,2152,1371,643,510,174,63,2.0708,0.438,0.7171
2014,1401 - Borde,1070,439,265,157,127,54,28,2.2561,0.4103,0.6579
2014,1402 - Rouvraie,999,453,312,134,81,14,5,1.9099,0.4535,0.7658
2014,1403 - Bellevaux,2477,1095,675,316,269,98,24,2.0698,0.4421,0.7146
2014,1404 - Rte du Signal,367,165,119,36,33,8,6,1.9755,0.4496,0.7738
2014,15 - Vinet/Pontaise,4096,2271,1021,458,229,89,28,1.7686,0.5544,0.8037
2014,1501 - Pré-du-Marché,1140,671,275,119,50,18,7,1.6816,0.5886,0.8298
2014,1502 - Valentin,1545,874,400,157,78,29,7,1.7159,0.5657,0.8246
2014,1503 - Pontaise,1411,726,346,182,101,42,14,1.8965,0.5145,0.7597
2014,16 - Bossons/Blécherette,3271,1311,867,488,418,140,47,2.2042,0.4008,0.6659
2014,1601 - Stade,2,1,0,0,0,1,0,3.0,0.5,0.5
2014,1602 - Ancien-Stand,329,76,77,63,73,26,14,2.8541,0.231,0.465
2014,1603 - Bois-Mermet,28,11,5,6,4,2,0,2.3214,0.3929,0.5714
2014,1604 - Bois-Gentil,1822,744,477,271,235,74,21,2.1778,0.4083,0.6701
2014,1605 - Bossons,1087,479,305,148,106,37,12,2.0478,0.4407,0.7213
2014,1606 - Blécherette,3,0,3,0,0,0,0,2.0,0.0,1.0
2014,17 - Beaulieu/Grey/Boisy,3030,1243,1014,397,290,71,15,2.0073,0.4102,0.7449
2014,1701 - Beaulieu,113,33,45,24,10,0,1,2.1416,0.292,0.6903
2014,1702 - Bergières,1012,379,351,132,113,31,6,2.1008,0.3745,0.7213
2014,1703 - Pierrefleur,1905,831,618,241,167,40,8,1.9496,0.4362,0.7606
2014,2 - Maupas/Valency,7401,3825,2042,836,506,137,55,1.8256,0.5168,0.7927
2014,201 - Maupas,1593,867,449,156,90,22,9,1.7363,0.5443,0.8261
2014,202 - Av. d'Echallens,2073,1046,574,259,136,38,20,1.8548,0.5046,0.7815
2014,203 - Montétan,1245,666,323,135,91,21,9,1.8064,0.5349,0.7944
2014,204 - Chablière,1384,622,392,178,140,38,14,2.0145,0.4494,0.7327
2014,205 - Valency,1106,624,304,108,49,18,3,1.6844,0.5642,0.8391
2014,3 - Sébeillon/Malley,4864,2167,1320,664,452,169,92,2.0757,0.4455,0.7169
2014,301 - Av. de Morges,1670,795,467,212,126,46,24,1.9563,0.476,0.7557
2014,302 - Rue de Sébeillon,16,6,3,3,4,0,0,2.3125,0.375,0.5625
2014,303 - Tivoli,1168,556,342,151,86,21,12,1.9058,0.476,0.7688
2014,304 - Prélaz,1339,589,339,182,135,57,37,2.1636,0.4399,0.6931
2014,305 - Gare de Sébeillon,3,2,1,0,0,0,0,1.3333,0.6667,1.0
2014,306 - Av. de Provence,1,0,0,0,1,0,0,4.0,0.0,0.0
2014,307 - Malley,667,219,168,116,100,45,19,2.4903,0.3283,0.5802
2014,4 - Montoie/Bourdonnette,3343,1457,883,433,335,152,83,2.1547,0.4358,0.7
2014,401 - Montoie,1577,802,401,171,131,52,20,1.9283,0.5086,0.7628
2014,402 - Vallée de la Jeunesse,147,41,41,33,23,5,4,2.4966,0.2789,0.5578
2014,403 - Pyramides,676,338,178,82,51,20,7,1.9127,0.5,0.7633
2014,404 - Prés-de-Vidy,329,167,104,35,15,7,1,1.769,0.5076,0.8237
2014,405 - Bourget,3,2,0,0,0,1,0,2.3333,0.6667,0.6667
2014,406 - Bourdonnette,611,107,159,112,115,67,51,3.1309,0.1751,0.4354
2014,5 - Montriond/Cour,4194,2074,1180,471,347,88,34,1.8867,0.4945,0.7759
2014,501 - Marc-Dufour,1591,838,425,151,123,39,15,1.8435,0.5267,0.7938
2014,502 - Milan,1,0,1,0,0,0,0,2.0,0.0,1.0
2014,503 - Les Cèdres,19,9,5,2,2,1,0,2.0,0.4737,0.7368
2014,504 - Cour,1078,511,313,132,92,19,11,1.923,0.474,0.7644
2014,505 - Mont-d'Or,1502,715,435,185,130,29,8,1.9048,0.476,0.7656
2014,506 - Bellerive,3,1,1,1,0,0,0,2.0,0.3333,0.6667
2014,6 - Sous-Gare/Ouchy,5903,3144,1601,615,424,103,16,1.7811,0.5326,0.8038
2014,601 - Grancy,2132,1157,535,234,163,35,8,1.788,0.5427,0.7936
2014,602 - Harpe,2353,1237,673,246,150,42,5,1.7705,0.5257,0.8117
2014,603 - Av. d'Ouchy,624,308,171,64,61,17,3,1.9103,0.4936,0.7676
2014,604 - Ouchy,794,442,222,71,50,9,0,1.6927,0.5567,0.8363
2014,7 - Montchoisi,2043,1133,522,208,131,35,14,1.7611,0.5546,0.8101
2014,701 - Montchoisi,1946,1101,493,190,117,33,12,1.7338,0.5658,0.8191
2014,702 - Elysée,97,32,29,18,14,2,2,2.3093,0.3299,0.6289
2014,8 - Florimont/Chissiez,2896,1440,790,312,256,82,16,1.8999,0.4972,0.77
2014,801 - Florimont,997,505,269,98,96,27,2,1.8756,0.5065,0.7763
2014,802 - Av. Rambert,505,193,152,73,66,16,5,2.1683,0.3822,0.6832
2014,803 - Chissiez,1394,742,369,141,94,39,9,1.8199,0.5323,0.797
2014,9 - Mousquines/Bellevue,1209,527,359,145,137,32,9,2.0273,0.4359,0.7328
2014,90 - Zones foraines,1179,298,304,184,262,102,29,2.7303,0.2528,0.5106
2014,901 - Mon-Repos,96,57,18,9,7,4,1,1.8229,0.5938,0.7812
2014,9010 - Les Râpes,946,246,242,145,208,82,23,2.7146,0.26,0.5159
2014,902 - Av. Secrétan,773,305,240,98,101,23,6,2.1216,0.3946,0.705
2014,9020 - Montheron,53,14,18,9,8,3,1,2.4717,0.2642,0.6038
2014,903 - Ch. de la Vuachère,340,165,101,38,29,5,2,1.8706,0.4853,0.7824
2014,9030 - Vernand,180,38,44,30,46,17,5,2.8889,0.2111,0.4556
2014,Ville de Lausanne,69381,33209,18824,8373,6193,2028,754,1.9626,0.4786,0.75
2015,1 - Centre,7301,4096,1900,736,415,109,45,1.7291,0.561,0.8213
2015,10 - Vallon/Béthusy,3306,1722,904,354,233,74,19,1.823,0.5209,0.7943
2015,1001 - Le Vallon,674,355,190,73,35,19,2,1.7849,0.5267,0.8086
2015,1002 - Hôpitaux,45,19,12,8,4,1,1,2.1111,0.4222,0.6889
2015,1003 - Victor-Ruffy,1305,642,360,151,107,33,12,1.9096,0.492,0.7678
2015,1004 - Béthusy,1282,706,342,122,87,21,4,1.7449,0.5507,0.8175
2015,101 - Rue Centrale,1410,861,344,129,53,13,10,1.6191,0.6106,0.8546
2015,102 - Chauderon,1283,738,349,113,68,8,7,1.6648,0.5752,0.8472
2015,103 - Flon,31,19,10,1,1,0,0,1.4839,0.6129,0.9355
2015,104 - Montbenon,92,51,25,11,4,0,1,1.7065,0.5543,0.8261
2015,105 - Gare/Petit-Chêne,692,338,193,93,53,12,3,1.8728,0.4884,0.7673
2015,106 - Georgette,761,371,219,89,54,24,4,1.8922,0.4875,0.7753
2015,107 - Avant-Poste,871,451,245,91,66,15,3,1.8071,0.5178,0.7991
2015,108 - Marterey,1068,633,256,104,46,21,8,1.6873,0.5927,0.8324
2015,109 - Cité,435,260,96,38,28,10,3,1.7218,0.5977,0.8184
2015,11 - Chailly/Rovéréaz,4338,1908,1236,544,458,133,59,2.0567,0.4398,0.7248
2015,110 - Riponne/Tunnel,658,374,163,67,42,6,6,1.734,0.5684,0.8161
2015,1101 - Chailly,2394,1194,666,291,183,41,19,1.8668,0.4987,0.7769
2015,1102 - Plaisante,660,253,201,96,77,23,10,2.1758,0.3833,0.6879
2015,1103 - Bois de Rovéréaz,27,4,9,3,6,2,3,3.1852,0.1481,0.4815
2015,1104 - Craivavers,298,61,92,45,61,25,14,2.8423,0.2047,0.5134
2015,1105 - Devin,959,396,268,109,131,42,13,2.1731,0.4129,0.6924
2015,12 - Sallaz/Vennes/Séchaud,5894,2315,1526,862,766,298,127,2.2728,0.3928,0.6517
2015,1201 - La Sallaz,1653,801,400,217,159,59,17,1.9976,0.4846,0.7266
2015,1202 - Vennes,639,271,151,82,87,38,10,2.2332,0.4241,0.6604
2015,1203 - Rte de Berne,727,301,217,106,81,17,5,2.0591,0.414,0.7125
2015,1204 - Valmont,508,237,143,57,41,19,11,2.0276,0.4665,0.748
2015,1205 - Grangette,674,201,167,102,123,53,28,2.6617,0.2982,0.546
2015,1206 - Praz-Séchaud,695,133,171,139,153,65,34,2.9741,0.1914,0.4374
2015,1207 - Ch. des Roches,122,21,36,22,22,14,7,3.0,0.1721,0.4672
2015,1208 - Grand-Vennes,876,350,241,137,100,33,15,2.1838,0.3995,0.6747
2015,13 - Sauvabelin,327,97,75,53,65,31,6,2.6391,0.2966,0.526
2015,1301 - Sauvabelin,25,12,5,2,1,4,1,2.36,0.48,0.68
2015,1302 - Pré-Fleuri,302,85,70,51,64,27,5,2.6623,0.2815,0.5132
2015,14 - Borde/Bellevaux,4875,2140,1355,620,511,186,63,2.0769,0.439,0.7169
2015,1401 - Borde,1073,446,262,161,127,52,25,2.233,0.4157,0.6598
2015,1402 - Rouvraie,992,461,311,116,89,12,3,1.8831,0.4647,0.7782
2015,1403 - Bellevaux,2444,1066,663,308,264,111,32,2.1076,0.4362,0.7074
2015,1404 - Rte du Signal,366,167,119,35,31,11,3,1.9399,0.4563,0.7814
2015,15 - Vinet/Pontaise,4147,2297,1017,468,263,81,21,1.7697,0.5539,0.7991
2015,1501 - Pré-du-Marché,1156,683,268,121,62,17,5,1.6869,0.5908,0.8227
2015,1502 - Valentin,1573,881,401,167,90,27,7,1.7343,0.5601,0.815
2015,1503 - Pontaise,1418,733,348,180,111,37,9,1.8766,0.5169,0.7623
2015,16 - Bossons/Blécherette,3275,1317,891,469,408,146,44,2.1911,0.4021,0.6742
2015,1601 - Stade,1,0,0,0,1,0,0,4.0,0.0,0.0
2015,1602 - Ancien-Stand,331,82,76,62,68,26,17,2.8429,0.2477,0.4773
2015,1603 - Bois-Mermet,25,9,5,5,3,3,0,2.44,0.36,0.56
2015,1604 - Bois-Gentil,1830,758,486,255,236,75,20,2.1607,0.4142,0.6798
2015,1605 - Bossons,1086,468,322,147,100,42,7,2.0368,0.4309,0.7274
2015,1606 - Blécherette,2,0,2,0,0,0,0,2.0,0.0,1.0
2015,17 - Beaulieu/Grey/Boisy,2999,1224,989,414,291,65,16,2.0157,0.4081,0.7379
2015,1701 - Beaulieu,111,37,40,22,11,0,1,2.1081,0.3333,0.6937
2015,1702 - Bergières,1001,366,347,139,118,25,6,2.1139,0.3656,0.7123
2015,1703 - Pierrefleur,1887,821,602,253,162,40,9,1.9581,0.4351,0.7541
2015,2 - Maupas/Valency,7469,3898,2053,820,519,127,52,1.8127,0.5219,0.7968
2015,201 - Maupas,1581,872,441,145,97,18,8,1.7223,0.5515,0.8305
2015,202 - Av. d'Echallens,2106,1094,566,255,135,36,20,1.8286,0.5195,0.7882
2015,203 - Montétan,1285,707,315,139,98,18,8,1.7837,0.5502,0.7953
2015,204 - Chablière,1395,623,417,170,132,39,14,1.9986,0.4466,0.7455
2015,205 - Valency,1102,602,314,111,57,16,2,1.7105,0.5463,0.8312
2015,3 - Sébeillon/Malley,4951,2179,1345,700,468,170,89,2.0832,0.4401,0.7118
2015,301 - Av. de Morges,1758,833,460,247,140,54,24,1.9863,0.4738,0.7355
2015,302 - Rue de Sébeillon,16,5,3,4,4,0,0,2.4375,0.3125,0.5
2015,303 - Tivoli,1161,542,346,158,80,23,12,1.9182,0.4668,0.7649
2015,304 - Prélaz,1345,584,354,181,143,46,37,2.1532,0.4342,0.6974
2015,305 - Gare de Sébeillon,3,2,1,0,0,0,0,1.3333,0.6667,1.0
2015,306 - Av. de Provence,1,0,0,0,1,0,0,4.0,0.0,0.0
2015,307 - Malley,667,213,181,110,100,47,16,2.4768,0.3193,0.5907
2015,4 - Montoie/Bourdonnette,3355,1486,882,418,328,157,84,2.1428,0.4429,0.7058
2015,401 - Montoie,1584,801,416,164,125,55,23,1.9324,0.5057,0.7683
2015,402 - Vallée de la Jeunesse,147,45,41,26,24,7,4,2.4762,0.3061,0.585
2015,403 - Pyramides,682,355,170,75,48,25,9,1.9062,0.5205,0.7698
2015,404 - Prés-de-Vidy,323,174,92,31,18,7,1,1.7492,0.5387,0.8235
2015,405 - Bourget,2,1,0,0,0,0,1,4.0,0.5,0.5
2015,406 - Bourdonnette,617,110,163,122,113,63,46,3.0648,0.1783,0.4425
2015,5 - Montriond/Cour,4197,2066,1183,477,349,93,29,1.8887,0.4923,0.7741
2015,501 - Marc-Dufour,1609,847,432,158,116,44,12,1.8353,0.5264,0.7949
2015,502 - Milan,1,0,0,1,0,0,0,3.0,0.0,0.0
2015,503 - Les Cèdres,19,7,7,3,2,0,0,2.0,0.3684,0.7368
2015,504 - Cour,1073,502,320,127,96,18,10,1.9264,0.4678,0.7661
2015,505 - Mont-d'Or,1492,709,423,187,135,31,7,1.9169,0.4752,0.7587
2015,506 - Bellerive,3,1,1,1,0,0,0,2.0,0.3333,0.6667
2015,6 - Sous-Gare/Ouchy,6005,3193,1592,648,445,108,19,1.7942,0.5317,0.7968
2015,601 - Grancy,2149,1187,519,244,156,37,6,1.772,0.5523,0.7939
2015,602 - Harpe,2443,1270,684,266,176,41,6,1.7957,0.5199,0.7998
2015,603 - Av. d'Ouchy,621,305,164,69,54,24,5,1.9501,0.4911,0.7552
2015,604 - Ouchy,792,431,225,69,59,6,2,1.7273,0.5442,0.8283
2015,7 - Montchoisi,2081,1142,562,192,141,35,9,1.7511,0.5488,0.8188
2015,701 - Montchoisi,1993,1112,535,181,122,34,9,1.7291,0.558,0.8264
2015,702 - Elysée,88,30,27,11,19,1,0,2.25,0.3409,0.6477
2015,8 - Florimont/Chissiez,2931,1405,817,338,267,87,17,1.9362,0.4794,0.7581
2015,801 - Florimont,1007,507,275,94,100,29,2,1.8848,0.5035,0.7766
2015,802 - Av. Rambert,498,186,160,64,66,17,5,2.1727,0.3735,0.6948
2015,803 - Chissiez,1426,712,382,180,101,41,10,1.8899,0.4993,0.7672
2015,9 - Mousquines/Bellevue,1206,536,345,149,135,29,12,2.0249,0.4444,0.7305
2015,90 - Zones foraines,1191,301,314,200,251,97,28,2.6986,0.2527,0.5164
2015,901 - Mon-Repos,98,57,19,10,7,4,1,1.8367,0.5816,0.7755
2015,9010 - Les Râpes,956,250,246,157,201,81,21,2.6872,0.2615,0.5188
2015,902 - Av. Secrétan,769,309,227,108,96,21,8,2.1222,0.4018,0.697
2015,9020 - Montheron,55,16,17,11,8,2,1,2.4,0.2909,0.6
2015,903 - Ch. de la Vuachère,339,170,99,31,32,4,3,1.8584,0.5015,0.7935
2015,9030 - Vernand,180,35,51,32,42,14,6,2.85,0.1944,0.4778
2015,Ville de Lausanne,69848,33322,18986,8462,6313,2026,739,1.9648,0.4771,0.7489
2016,1 - Centre,7305,4133,1888,720,414,102,48,1.7209,0.5658,0.8242
2016,10 - Vallon/Béthusy,3334,1738,926,363,218,67,22,1.8116,0.5213,0.799
2016,1001 - Le Vallon,691,379,189,77,26,16,4,1.7366,0.5485,0.822
2016,1002 - Hôpitaux,46,16,19,3,6,1,1,2.1522,0.3478,0.7609
2016,1003 - Victor-Ruffy,1310,647,362,151,109,30,11,1.8985,0.4939,0.7702
2016,1004 - Béthusy,1287,696,356,132,77,20,6,1.7514,0.5408,0.8174
2016,101 - Rue Centrale,1420,878,342,120,60,12,8,1.6042,0.6183,0.8592
2016,102 - Chauderon,1273,726,350,120,61,12,4,1.6638,0.5703,0.8452
2016,103 - Flon,30,19,9,1,0,1,0,1.5,0.6333,0.9333
2016,104 - Montbenon,93,51,26,11,4,0,1,1.7097,0.5484,0.828
2016,105 - Gare/Petit-Chêne,696,369,175,81,54,13,4,1.8261,0.5302,0.7816
2016,106 - Georgette,773,371,229,89,57,22,5,1.9004,0.4799,0.7762
2016,107 - Avant-Poste,879,474,232,97,62,10,4,1.7691,0.5392,0.8032
2016,108 - Marterey,1033,611,259,89,44,16,14,1.6941,0.5915,0.8422
2016,109 - Cité,425,245,102,34,34,8,2,1.7435,0.5765,0.8165
2016,11 - Chailly/Rovéréaz,4454,2036,1213,566,441,144,54,2.0256,0.4571,0.7295
2016,110 - Riponne/Tunnel,683,389,164,78,38,8,6,1.735,0.5695,0.8097
2016,1101 - Chailly,2473,1295,650,291,166,53,18,1.829,0.5237,0.7865
2016,1102 - Plaisante,665,248,217,93,75,24,8,2.1609,0.3729,0.6992
2016,1103 - Bois de Rovéréaz,26,3,8,4,6,2,3,3.3077,0.1154,0.4231
2016,1104 - Craivavers,311,65,95,54,61,26,10,2.7685,0.209,0.5145
2016,1105 - Devin,979,425,243,124,133,39,15,2.1604,0.4341,0.6823
2016,12 - Sallaz/Vennes/Séchaud,6224,2448,1659,883,799,311,124,2.2548,0.3933,0.6599
2016,1201 - La Sallaz,1702,805,443,212,173,55,14,1.9929,0.473,0.7333
2016,1202 - Vennes,627,275,135,73,87,44,13,2.2695,0.4386,0.6539
2016,1203 - Rte de Berne,984,384,321,143,101,28,7,2.0813,0.3902,0.7165
2016,1204 - Valmont,520,248,145,60,42,20,5,1.9635,0.4769,0.7558
2016,1205 - Grangette,685,195,172,102,132,58,26,2.6934,0.2847,0.5358
2016,1206 - Praz-Séchaud,689,147,160,136,147,65,34,2.9405,0.2134,0.4456
2016,1207 - Ch. des Roches,127,26,36,25,22,10,8,2.8898,0.2047,0.4882
2016,1208 - Grand-Vennes,890,368,247,132,95,31,17,2.1483,0.4135,0.691
2016,13 - Sauvabelin,373,104,99,56,79,27,8,2.6193,0.2788,0.5442
2016,1301 - Sauvabelin,26,12,5,2,3,3,1,2.3846,0.4615,0.6538
2016,1302 - Pré-Fleuri,347,92,94,54,76,24,7,2.6369,0.2651,0.536
2016,14 - Borde/Bellevaux,4874,2197,1292,635,483,202,65,2.0687,0.4508,0.7158
2016,1401 - Borde,1057,443,241,169,127,52,25,2.2469,0.4191,0.6471
2016,1402 - Rouvraie,991,472,302,122,76,15,4,1.8658,0.4763,0.781
2016,1403 - Bellevaux,2452,1112,638,300,244,126,32,2.0873,0.4535,0.7137
2016,1404 - Rte du Signal,374,170,111,44,36,9,4,1.9813,0.4545,0.7513
2016,15 - Vinet/Pontaise,4149,2271,1051,469,266,74,18,1.7691,0.5474,0.8007
2016,1501 - Pré-du-Marché,1155,679,277,116,63,18,2,1.6771,0.5879,0.8277
2016,1502 - Valentin,1569,862,425,161,90,23,8,1.7374,0.5494,0.8203
2016,1503 - Pontaise,1425,730,349,192,113,33,8,1.8786,0.5123,0.7572
2016,16 - Bossons/Blécherette,3323,1324,910,491,408,148,42,2.1917,0.3984,0.6723
2016,1601 - Stade,1,0,0,0,0,1,0,5.0,0.0,0.0
2016,1602 - Ancien-Stand,330,78,77,65,68,29,13,2.8333,0.2364,0.4697
2016,1603 - Bois-Mermet,22,7,5,5,3,2,0,2.4545,0.3182,0.5455
2016,1604 - Bois-Gentil,1881,763,515,258,246,75,24,2.1765,0.4056,0.6794
2016,1605 - Bossons,1087,476,311,163,91,41,5,2.0156,0.4379,0.724
2016,1606 - Blécherette,2,0,2,0,0,0,0,2.0,0.0,1.0
2016,17 - Beaulieu/Grey/Boisy,3019,1245,979,409,295,73,18,2.0209,0.4124,0.7367
2016,1701 - Beaulieu,112,32,40,27,13,0,0,2.1875,0.2857,0.6429
2016,1702 - Bergières,1003,372,347,137,111,28,8,2.1107,0.3709,0.7168
2016,1703 - Pierrefleur,1904,841,592,245,171,45,10,1.9638,0.4417,0.7526
2016,2 - Maupas/Valency,7617,3971,2109,828,516,148,45,1.8107,0.5213,0.7982
2016,201 - Maupas,1653,914,465,150,90,24,10,1.7205,0.5529,0.8342
2016,202 - Av. d'Echallens,2125,1099,578,259,134,41,14,1.8216,0.5172,0.7892
2016,203 - Montétan,1303,702,339,143,94,21,4,1.779,0.5388,0.7989
2016,204 - Chablière,1418,619,434,172,136,44,13,2.0155,0.4365,0.7426
2016,205 - Valency,1118,637,293,104,62,18,4,1.7004,0.5698,0.8318
2016,3 - Sébeillon/Malley,5348,2354,1500,726,516,163,89,2.0632,0.4402,0.7206
2016,301 - Av. de Morges,1772,835,491,223,146,54,23,1.9757,0.4712,0.7483
2016,302 - Rue de Sébeillon,16,5,4,3,4,0,0,2.375,0.3125,0.5625
2016,303 - Tivoli,1185,568,325,168,95,18,11,1.9148,0.4793,0.7536
2016,304 - Prélaz,1368,594,370,177,146,42,39,2.1433,0.4342,0.7047
2016,305 - Gare de Sébeillon,330,135,132,42,18,3,0,1.8545,0.4091,0.8091
2016,306 - Av. de Provence,1,0,0,0,1,0,0,4.0,0.0,0.0
2016,307 - Malley,676,217,178,113,106,46,16,2.4822,0.321,0.5843
2016,4 - Montoie/Bourdonnette,3392,1489,883,452,339,147,82,2.145,0.439,0.6993
2016,401 - Montoie,1599,781,430,190,126,51,21,1.9493,0.4884,0.7573
2016,402 - Vallée de la Jeunesse,142,42,37,29,23,5,6,2.5493,0.2958,0.5563
2016,403 - Pyramides,682,354,160,82,50,25,11,1.9384,0.5191,0.7537
2016,404 - Prés-de-Vidy,355,197,97,36,17,7,1,1.7155,0.5549,0.8282
2016,405 - Bourget,1,0,0,0,0,0,1,7.0,0.0,0.0
2016,406 - Bourdonnette,613,115,159,115,123,59,42,3.0326,0.1876,0.447
2016,5 - Montriond/Cour,4255,2068,1216,507,340,95,29,1.894,0.486,0.7718
2016,501 - Marc-Dufour,1622,839,455,173,103,41,11,1.8261,0.5173,0.7978
2016,502 - Milan,1,0,0,1,0,0,0,3.0,0.0,0.0
2016,503 - Les Cèdres,20,8,7,3,2,0,0,1.95,0.4,0.75
2016,504 - Cour,1106,508,319,146,100,23,10,1.9611,0.4593,0.7477
2016,505 - Mont-d'Or,1503,712,434,183,135,31,8,1.9162,0.4737,0.7625
2016,506 - Bellerive,3,1,1,1,0,0,0,2.0,0.3333,0.6667
2016,6 - Sous-Gare/Ouchy,5964,3182,1556,638,458,110,20,1.7991,0.5335,0.7944
2016,601 - Grancy,2180,1217,500,251,168,38,6,1.7771,0.5583,0.7876
2016,602 - Harpe,2387,1229,692,238,177,43,8,1.8039,0.5149,0.8048
2016,603 - Av. d'Ouchy,618,313,147,73,62,19,4,1.9369,0.5065,0.7443
2016,604 - Ouchy,779,423,217,76,51,10,2,1.7368,0.543,0.8216
2016,7 - Montchoisi,2090,1148,559,203,137,36,7,1.7474,0.5493,0.8167
2016,701 - Montchoisi,2005,1122,531,194,120,31,7,1.7207,0.5596,0.8244
2016,702 - Elysée,85,26,28,9,17,5,0,2.3765,0.3059,0.6353
2016,8 - Florimont/Chissiez,2985,1438,834,346,266,81,20,1.9273,0.4817,0.7611
2016,801 - Florimont,1033,527,273,104,100,25,4,1.8761,0.5102,0.7744
2016,802 - Av. Rambert,500,185,154,74,61,21,5,2.198,0.37,0.678
2016,803 - Chissiez,1452,726,407,168,105,35,11,1.8705,0.5,0.7803
2016,9 - Mousquines/Bellevue,1223,554,329,162,137,30,11,2.0221,0.453,0.722
2016,90 - Zones foraines,1246,327,323,220,249,102,25,2.6597,0.2624,0.5217
2016,901 - Mon-Repos,102,55,24,9,9,4,1,1.8922,0.5392,0.7745
2016,9010 - Les Râpes,1013,276,261,174,197,84,21,2.6407,0.2725,0.5301
2016,902 - Av. Secrétan,762,307,218,113,99,18,7,2.122,0.4029,0.689
2016,9020 - Montheron,56,14,17,13,9,2,1,2.5,0.25,0.5536
2016,903 - Ch. de la Vuachère,359,192,87,40,29,8,3,1.8468,0.5348,0.7772
2016,9030 - Vernand,177,37,45,33,43,16,3,2.8192,0.209,0.4633
2016,Ville de Lausanne,71175,34027,19326,8674,6361,2060,727,1.9604,0.4781,0.7496
2017,1 - Centre,7265,4061,1915,727,416,107,39,1.7266,0.559,0.8226
2017,10 - Vallon/Béthusy,3356,1783,910,359,204,78,22,1.7998,0.5313,0.8024
2017,1001 - Le Vallon,689,377,195,72,25,17,3,1.7257,0.5472,0.8302
2017,1002 - Hôpitaux,50,21,18,4,5,2,0,1.98,0.42,0.78
2017,1003 - Victor-Ruffy,1327,675,341,164,98,38,11,1.89,0.5087,0.7656
2017,1004 - Béthusy,1290,710,356,119,76,21,8,1.7395,0.5504,0.8264
2017,101 - Rue Centrale,1410,862,357,121,51,13,6,1.5957,0.6113,0.8645
2017,102 - Chauderon,1292,736,366,120,50,17,3,1.6517,0.5697,0.8529
2017,103 - Flon,32,24,6,2,0,0,0,1.3125,0.75,0.9375
2017,104 - Montbenon,97,52,28,11,5,0,1,1.732,0.5361,0.8247
2017,105 - Gare/Petit-Chêne,689,357,186,70,64,9,3,1.8302,0.5181,0.7881
2017,106 - Georgette,757,366,207,96,59,22,7,1.9326,0.4835,0.7569
2017,107 - Avant-Poste,865,451,233,102,63,12,4,1.8069,0.5214,0.7908
2017,108 - Marterey,1031,611,259,92,45,15,9,1.6712,0.5926,0.8438
2017,109 - Cité,425,239,113,35,28,8,2,1.7318,0.5624,0.8282
2017,11 - Chailly/Rovéréaz,4489,2029,1217,576,473,146,48,2.0381,0.452,0.7231
2017,110 - Riponne/Tunnel,667,363,160,78,51,11,4,1.8051,0.5442,0.7841
2017,1101 - Chailly,2470,1263,657,288,190,54,18,1.8611,0.5113,0.7773
2017,1102 - Plaisante,670,253,207,92,86,24,8,2.1836,0.3776,0.6866
2017,1103 - Bois de Rovéréaz,26,3,8,4,5,3,3,3.3462,0.1154,0.4231
2017,1104 - Craivavers,313,65,95,57,61,24,11,2.77,0.2077,0.5112
2017,1105 - Devin,1010,445,250,135,131,41,8,2.1139,0.4406,0.6881
2017,12 - Sallaz/Vennes/Séchaud,6486,2556,1716,936,829,326,123,2.2515,0.3941,0.6586
2017,1201 - La Sallaz,1720,825,435,217,182,49,12,1.9785,0.4797,0.7326
2017,1202 - Vennes,632,274,142,75,87,40,14,2.2611,0.4335,0.6582
2017,1203 - Rte de Berne,1169,448,383,179,118,32,9,2.0924,0.3832,0.7109
2017,1204 - Valmont,519,251,137,61,42,21,7,1.9846,0.4836,0.7476
2017,1205 - Grangette,695,204,178,89,132,68,24,2.6806,0.2935,0.5496
2017,1206 - Praz-Séchaud,685,142,154,143,141,73,32,2.9664,0.2073,0.4321
2017,1207 - Ch. des Roches,163,39,43,32,33,10,6,2.7301,0.2393,0.5031
2017,1208 - Grand-Vennes,903,373,244,140,94,33,19,2.165,0.4131,0.6833
2017,13 - Sauvabelin,372,107,90,62,78,27,8,2.6237,0.2876,0.5296
2017,1301 - Sauvabelin,25,11,5,1,4,3,1,2.48,0.44,0.64
2017,1302 - Pré-Fleuri,347,96,85,61,74,24,7,2.634,0.2767,0.5216
2017,14 - Borde/Bellevaux,4880,2210,1321,605,478,202,64,2.0568,0.4529,0.7236
2017,1401 - Borde,1032,424,264,150,116,53,25,2.2345,0.4109,0.6667
2017,1402 - Rouvraie,1012,471,319,121,80,17,4,1.8824,0.4654,0.7806
2017,1403 - Bellevaux,2465,1133,639,288,249,124,32,2.0751,0.4596,0.7189
2017,1404 - Rte du Signal,371,182,99,46,33,8,3,1.9164,0.4906,0.7574
2017,15 - Vinet/Pontaise,4168,2303,1047,450,271,75,22,1.7658,0.5525,0.8037
2017,1501 - Pré-du-Marché,1163,682,278,113,66,22,2,1.6896,0.5864,0.8255
2017,1502 - Valentin,1575,884,407,159,94,21,10,1.7308,0.5613,0.8197
2017,1503 - Pontaise,1430,737,362,178,111,32,10,1.8664,0.5154,0.7685
2017,16 - Bossons/Blécherette,3333,1334,920,494,410,127,48,2.1803,0.4002,0.6763
2017,1601 - Stade,1,0,0,0,0,1,0,5.0,0.0,0.0
2017,1602 - Ancien-Stand,328,84,71,67,63,30,13,2.8049,0.2561,0.4726
2017,1603 - Bois-Mermet,20,3,7,5,3,2,0,2.7,0.15,0.5
2017,1604 - Bois-Gentil,1888,772,522,261,238,66,29,2.1631,0.4089,0.6854
2017,1605 - Bossons,1094,474,319,161,106,28,6,2.0119,0.4333,0.7249
2017,1606 - Blécherette,2,1,1,0,0,0,0,1.5,0.5,1.0
2017,17 - Beaulieu/Grey/Boisy,3029,1258,960,404,307,78,22,2.0343,0.4153,0.7323
2017,1701 - Beaulieu,111,32,44,20,15,0,0,2.1622,0.2883,0.6847
2017,1702 - Bergières,1011,370,349,136,117,30,9,2.1335,0.366,0.7112
2017,1703 - Pierrefleur,1907,856,567,248,175,48,13,1.9743,0.4489,0.7462
2017,2 - Maupas/Valency,7614,3991,2086,829,530,139,39,1.8043,0.5242,0.7981
2017,201 - Maupas,1636,907,450,154,87,31,7,1.7243,0.5544,0.8295
2017,202 - Av. d'Echallens,2127,1108,566,266,140,34,13,1.8143,0.5209,0.787
2017,203 - Montétan,1324,707,349,151,93,20,4,1.781,0.534,0.7976
2017,204 - Chablière,1414,626,431,156,153,38,10,2.0,0.4427,0.7475
2017,205 - Valency,1113,643,290,102,57,16,5,1.6819,0.5777,0.8383
2017,3 - Sébeillon/Malley,5460,2440,1551,724,490,171,84,2.0361,0.4469,0.731
2017,301 - Av. de Morges,1838,892,506,218,144,57,21,1.9402,0.4853,0.7606
2017,302 - Rue de Sébeillon,15,4,3,4,4,0,0,2.5333,0.2667,0.4667
2017,303 - Tivoli,1205,584,358,155,83,18,7,1.8556,0.4846,0.7817
2017,304 - Prélaz,1372,614,363,173,139,44,39,2.1195,0.4475,0.7121
2017,305 - Gare de Sébeillon,352,130,138,62,17,4,1,1.9517,0.3693,0.7614
2017,306 - Av. de Provence,1,0,0,1,0,0,0,3.0,0.0,0.0
2017,307 - Malley,677,216,183,111,103,48,16,2.4801,0.3191,0.5894
2017,4 - Montoie/Bourdonnette,3574,1588,924,456,370,159,77,2.1315,0.4443,0.7029
2017,401 - Montoie,1712,826,471,198,140,58,19,1.9539,0.4825,0.7576
2017,402 - Vallée de la Jeunesse,149,48,40,24,26,4,7,2.5034,0.3221,0.5906
2017,403 - Pyramides,685,359,149,85,58,23,11,1.9504,0.5241,0.7416
2017,404 - Prés-de-Vidy,405,234,102,34,23,11,1,1.7136,0.5778,0.8296
2017,405 - Bourget,2,1,0,0,0,0,1,4.0,0.5,0.5
2017,406 - Bourdonnette,621,120,162,115,123,63,38,2.9984,0.1932,0.4541
2017,5 - Montriond/Cour,4252,2101,1166,533,330,91,31,1.8871,0.4941,0.7683
2017,501 - Marc-Dufour,1599,845,430,172,100,42,10,1.8143,0.5285,0.7974
2017,502 - Milan,1,1,0,0,0,0,0,1.0,1.0,1.0
2017,503 - Les Cèdres,20,7,7,4,2,0,0,2.05,0.35,0.7
2017,504 - Cour,1123,522,308,166,98,19,10,1.9528,0.4648,0.7391
2017,505 - Mont-d'Or,1506,725,420,190,130,30,11,1.9137,0.4814,0.7603
2017,506 - Bellerive,3,1,1,1,0,0,0,2.0,0.3333,0.6667
2017,6 - Sous-Gare/Ouchy,5943,3210,1520,627,449,114,23,1.7934,0.5401,0.7959
2017,601 - Grancy,2164,1213,496,239,168,41,7,1.7782,0.5605,0.7897
2017,602 - Harpe,2393,1257,669,234,179,44,10,1.7982,0.5253,0.8048
2017,603 - Av. d'Ouchy,613,311,148,76,56,17,5,1.9233,0.5073,0.7488
2017,604 - Ouchy,773,429,207,78,46,12,1,1.718,0.555,0.8228
2017,7 - Montchoisi,2150,1175,570,211,155,34,5,1.7549,0.5465,0.8116
2017,701 - Montchoisi,2045,1135,538,199,138,30,5,1.7335,0.555,0.8181
2017,702 - Elysée,105,40,32,12,17,4,0,2.1714,0.381,0.6857
2017,8 - Florimont/Chissiez,3026,1431,869,341,286,82,17,1.9382,0.4729,0.7601
2017,801 - Florimont,1019,497,283,103,106,25,5,1.9195,0.4877,0.7655
2017,802 - Av. Rambert,547,217,167,73,68,19,3,2.117,0.3967,0.702
2017,803 - Chissiez,1460,717,419,165,112,38,9,1.8842,0.4911,0.7781
2017,9 - Mousquines/Bellevue,1224,555,330,162,130,39,8,2.0196,0.4534,0.723
2017,90 - Zones foraines,1275,326,342,223,256,98,30,2.669,0.2557,0.5239
2017,901 - Mon-Repos,99,51,25,9,8,5,1,1.9394,0.5152,0.7677
2017,9010 - Les Râpes,1043,277,277,177,208,80,24,2.6481,0.2656,0.5312
2017,902 - Av. Secrétan,776,317,219,119,91,24,6,2.1108,0.4085,0.6907
2017,9020 - Montheron,55,11,16,14,11,1,2,2.6909,0.2,0.4909
2017,903 - Ch. de la Vuachère,349,187,86,34,31,10,1,1.8395,0.5358,0.7822
2017,9030 - Vernand,177,38,49,32,37,17,4,2.7853,0.2147,0.4915
2017,Ville de Lausanne,71896,34458,19454,8719,6462,2093,710,1.9585,0.4793,0.7499
2018,1 - Centre,7296,4060,1932,725,442,102,35,1.73,0.5565,0.8213
2018,10 - Vallon/Béthusy,3374,1818,916,346,205,67,22,1.7774,0.5388,0.8103
2018,1001 - Le Vallon,688,371,204,69,27,14,3,1.7224,0.5392,0.8358
2018,1002 - Hôpitaux,46,20,14,7,3,2,0,1.9783,0.4348,0.7391
2018,1003 - Victor-Ruffy,1344,707,345,148,99,34,11,1.8482,0.526,0.7827
2018,1004 - Béthusy,1296,720,353,122,76,17,8,1.7261,0.5556,0.8279
2018,101 - Rue Centrale,1420,877,362,115,48,12,6,1.5775,0.6176,0.8725
2018,102 - Chauderon,1299,762,336,129,54,16,2,1.6405,0.5866,0.8453
2018,103 - Flon,29,21,7,1,0,0,0,1.3103,0.7241,0.9655
2018,104 - Montbenon,97,50,31,9,6,0,1,1.7526,0.5155,0.8351
2018,105 - Gare/Petit-Chêne,691,351,195,73,61,8,3,1.8307,0.508,0.7902
2018,106 - Georgette,760,354,218,100,64,18,6,1.9447,0.4658,0.7526
2018,107 - Avant-Poste,893,463,246,96,74,11,3,1.8085,0.5185,0.794
2018,108 - Marterey,1026,579,274,91,53,19,10,1.732,0.5643,0.8314
2018,109 - Cité,418,239,96,38,33,9,3,1.7775,0.5718,0.8014
2018,11 - Chailly/Rovéréaz,4451,2030,1188,564,468,160,41,2.0348,0.4561,0.723
2018,110 - Riponne/Tunnel,663,364,167,73,49,9,1,1.7572,0.549,0.8009
2018,1101 - Chailly,2449,1264,645,274,196,53,17,1.8555,0.5161,0.7795
2018,1102 - Plaisante,657,264,189,86,80,32,6,2.1644,0.4018,0.6895
2018,1103 - Bois de Rovéréaz,26,4,9,1,6,4,2,3.1923,0.1538,0.5
2018,1104 - Craivavers,315,61,102,58,62,24,8,2.7397,0.1937,0.5175
2018,1105 - Devin,1004,437,243,145,124,47,8,2.1365,0.4353,0.6773
2018,12 - Sallaz/Vennes/Séchaud,6604,2564,1733,960,870,349,128,2.276,0.3882,0.6507
2018,1201 - La Sallaz,1765,806,472,225,185,61,16,2.0295,0.4567,0.7241
2018,1202 - Vennes,655,289,145,71,88,45,17,2.2718,0.4412,0.6626
2018,1203 - Rte de Berne,1221,454,372,185,157,38,15,2.1916,0.3718,0.6765
2018,1204 - Valmont,526,255,139,62,48,18,4,1.9563,0.4848,0.749
2018,1205 - Grangette,689,207,164,103,131,61,23,2.6618,0.3004,0.5385
2018,1206 - Praz-Séchaud,692,135,157,149,132,85,34,3.0159,0.1951,0.422
2018,1207 - Ch. des Roches,163,38,43,35,31,10,6,2.7301,0.2331,0.4969
2018,1208 - Grand-Vennes,893,380,241,130,98,31,13,2.1165,0.4255,0.6954
2018,13 - Sauvabelin,371,101,94,69,67,33,7,2.6361,0.2722,0.5256
2018,1301 - Sauvabelin,26,10,8,1,3,3,1,2.4231,0.3846,0.6923
2018,1302 - Pré-Fleuri,345,91,86,68,64,30,6,2.6522,0.2638,0.513
2018,14 - Borde/Bellevaux,4854,2198,1314,607,475,190,70,2.0575,0.4528,0.7235
2018,1401 - Borde,1015,414,261,156,104,55,25,2.2365,0.4079,0.665
2018,1402 - Rouvraie,985,443,327,116,82,13,4,1.8944,0.4497,0.7817
2018,1403 - Bellevaux,2466,1151,621,294,253,112,35,2.0649,0.4667,0.7186
2018,1404 - Rte du Signal,388,190,105,41,36,10,6,1.9562,0.4897,0.7603
2018,15 - Vinet/Pontaise,4129,2262,1047,448,274,72,26,1.7772,0.5478,0.8014
2018,1501 - Pré-du-Marché,1156,667,300,105,57,23,4,1.6894,0.577,0.8365
2018,1502 - Valentin,1575,888,401,160,94,22,10,1.7308,0.5638,0.8184
2018,1503 - Pontaise,1398,707,346,183,123,27,12,1.902,0.5057,0.7532
2018,16 - Bossons/Blécherette,3302,1330,900,493,399,137,43,2.1778,0.4028,0.6753
2018,1601 - Stade,1,0,0,1,0,0,0,3.0,0.0,0.0
2018,1602 - Ancien-Stand,330,80,73,70,61,36,10,2.8182,0.2424,0.4636
2018,1603 - Bois-Mermet,21,6,4,6,3,2,0,2.5714,0.2857,0.4762
2018,1604 - Bois-Gentil,1873,779,501,266,230,70,27,2.1559,0.4159,0.6834
2018,1605 - Bossons,1075,464,321,150,105,29,6,2.0121,0.4316,0.7302
2018,1606 - Blécherette,2,1,1,0,0,0,0,1.5,0.5,1.0
2018,17 - Beaulieu/Grey/Boisy,3006,1265,934,385,325,78,19,2.0329,0.4208,0.7315
2018,1701 - Beaulieu,110,30,43,16,21,0,0,2.2545,0.2727,0.6636
2018,1702 - Bergières,999,381,333,129,123,24,9,2.1111,0.3814,0.7147
2018,1703 - Pierrefleur,1897,854,558,240,181,54,10,1.9789,0.4502,0.7443
2018,2 - Maupas/Valency,7619,4024,2093,812,520,130,40,1.7924,0.5282,0.8029
2018,201 - Maupas,1660,942,434,165,93,20,6,1.6982,0.5675,0.8289
2018,202 - Av. d'Echallens,2119,1104,580,246,145,33,11,1.8046,0.521,0.7947
2018,203 - Montétan,1289,679,352,142,90,22,4,1.7898,0.5268,0.7998
2018,204 - Chablière,1440,656,436,154,144,37,13,1.9736,0.4556,0.7583
2018,205 - Valency,1111,643,291,105,48,18,6,1.6778,0.5788,0.8407
2018,3 - Sébeillon/Malley,5552,2507,1529,739,507,194,76,2.0375,0.4515,0.7269
2018,301 - Av. de Morges,1855,932,473,217,160,52,21,1.9278,0.5024,0.7574
2018,302 - Rue de Sébeillon,84,20,24,21,15,3,1,2.5357,0.2381,0.5238
2018,303 - Tivoli,1196,556,368,159,84,25,4,1.888,0.4649,0.7726
2018,304 - Prélaz,1376,627,353,180,126,55,35,2.1054,0.4557,0.7122
2018,305 - Gare de Sébeillon,360,138,136,63,19,3,1,1.9361,0.3833,0.7611
2018,306 - Av. de Provence,1,0,0,0,1,0,0,4.0,0.0,0.0
2018,307 - Malley,680,234,175,99,102,56,14,2.4515,0.3441,0.6015
2018,4 - Montoie/Bourdonnette,3597,1620,910,465,386,152,64,2.1093,0.4504,0.7034
2018,401 - Montoie,1738,860,435,225,145,56,17,1.9471,0.4948,0.7451
2018,402 - Vallée de la Jeunesse,143,46,34,21,29,11,2,2.5315,0.3217,0.5594
2018,403 - Pyramides,688,357,173,72,53,24,9,1.9099,0.5189,0.7703
2018,404 - Prés-de-Vidy,404,240,96,32,28,8,0,1.6832,0.5941,0.8317
2018,405 - Bourget,1,0,0,0,1,0,0,4.0,0.0,0.0
2018,406 - Bourdonnette,623,117,172,115,130,53,36,2.9583,0.1878,0.4639
2018,5 - Montriond/Cour,4238,2088,1178,507,355,85,25,1.8841,0.4927,0.7706
2018,501 - Marc-Dufour,1601,835,436,167,114,41,8,1.827,0.5215,0.7939
2018,503 - Les Cèdres,21,7,7,5,2,0,0,2.0952,0.3333,0.6667
2018,504 - Cour,1117,515,315,151,110,17,9,1.957,0.4611,0.7431
2018,505 - Mont-d'Or,1496,730,420,182,129,27,8,1.887,0.488,0.7687
2018,506 - Bellerive,3,1,0,2,0,0,0,2.3333,0.3333,0.3333
2018,6 - Sous-Gare/Ouchy,5926,3176,1539,626,455,102,28,1.7985,0.5359,0.7956
2018,601 - Grancy,2156,1217,505,222,166,38,8,1.7639,0.5645,0.7987
2018,602 - Harpe,2382,1235,660,254,181,39,13,1.8165,0.5185,0.7955
2018,603 - Av. d'Ouchy,607,300,150,81,56,15,5,1.939,0.4942,0.7414
2018,604 - Ouchy,781,424,224,69,52,10,2,1.7298,0.5429,0.8297
2018,7 - Montchoisi,2173,1185,571,220,157,34,6,1.7612,0.5453,0.8081
2018,701 - Montchoisi,2062,1143,537,204,141,31,6,1.741,0.5543,0.8147
2018,702 - Elysée,111,42,34,16,16,3,0,2.1351,0.3784,0.6847
2018,8 - Florimont/Chissiez,3052,1448,852,359,280,97,16,1.9482,0.4744,0.7536
2018,801 - Florimont,1032,493,288,109,106,32,4,1.9457,0.4777,0.7568
2018,802 - Av. Rambert,565,228,165,80,67,20,5,2.1257,0.4035,0.6956
2018,803 - Chissiez,1455,727,399,170,107,45,7,1.8811,0.4997,0.7739
2018,9 - Mousquines/Bellevue,1244,572,334,166,127,35,10,2.0024,0.4598,0.7283
2018,90 - Zones foraines,1444,380,395,269,278,95,27,2.599,0.2632,0.5367
2018,901 - Mon-Repos,97,49,23,11,8,5,1,1.9794,0.5052,0.7423
2018,9010 - Les Râpes,1210,327,327,227,230,77,22,2.5793,0.2702,0.5405
2018,902 - Av. Secrétan,770,307,224,116,92,23,8,2.1325,0.3987,0.6896
2018,9020 - Montheron,58,14,18,13,10,1,2,2.5517,0.2414,0.5517
2018,903 - Ch. de la Vuachère,377,216,87,39,27,7,1,1.7427,0.5729,0.8037
2018,9030 - Vernand,176,39,50,29,38,17,3,2.75,0.2216,0.5057
2018,Ville de Lausanne,72232,34628,19459,8760,6590,2112,683,1.9593,0.4794,0.7488
2019,1 - Centre,7270,4026,1938,732,439,101,34,1.7327,0.5538,0.8204
2019,10 - Vallon/Béthusy,3542,1875,948,391,239,70,19,1.8021,0.5294,0.797
2019,1001 - Le Vallon,867,422,252,111,56,20,6,1.8743,0.4867,0.7774
2019,1002 - Hôpitaux,44,17,15,8,2,2,0,2.0227,0.3864,0.7273
2019,1003 - Victor-Ruffy,1333,698,339,151,107,30,8,1.8477,0.5236,0.7779
2019,1004 - Béthusy,1298,738,342,121,74,18,5,1.6995,0.5686,0.832
2019,101 - Rue Centrale,1414,850,383,110,54,12,5,1.5962,0.6011,0.872
2019,102 - Chauderon,1277,762,329,122,49,13,2,1.6139,0.5967,0.8543
2019,103 - Flon,29,16,11,2,0,0,0,1.5172,0.5517,0.931
2019,104 - Montbenon,96,52,26,11,6,0,1,1.75,0.5417,0.8125
2019,105 - Gare/Petit-Chêne,688,354,204,65,52,10,3,1.7965,0.5145,0.811
2019,106 - Georgette,765,358,211,100,71,20,5,1.9595,0.468,0.7438
2019,107 - Avant-Poste,909,460,248,112,75,11,3,1.835,0.5061,0.7789
2019,108 - Marterey,1023,570,279,93,53,18,10,1.739,0.5572,0.8299
2019,109 - Cité,405,225,91,42,35,9,3,1.8247,0.5556,0.7802
2019,11 - Chailly/Rovéréaz,4441,2029,1195,536,492,141,48,2.0347,0.4569,0.726
2019,110 - Riponne/Tunnel,664,379,156,75,44,8,2,1.7259,0.5708,0.8057
2019,1101 - Chailly,2443,1257,646,282,197,44,17,1.851,0.5145,0.779
2019,1102 - Plaisante,660,264,194,82,82,31,7,2.1667,0.4,0.6939
2019,1103 - Bois de Rovéréaz,27,5,9,3,5,3,2,3.0,0.1852,0.5185
2019,1104 - Craivavers,321,61,108,47,72,20,13,2.7944,0.19,0.5265
2019,1105 - Devin,990,442,238,122,136,43,9,2.1273,0.4465,0.6869
2019,12 - Sallaz/Vennes/Séchaud,6741,2610,1708,1041,875,356,151,2.2973,0.3872,0.6406
2019,1201 - La Sallaz,1770,811,466,234,181,63,15,2.0277,0.4582,0.7215
2019,1202 - Vennes,650,302,129,79,79,39,22,2.2492,0.4646,0.6631
2019,1203 - Rte de Berne,1398,495,401,241,179,53,29,2.2918,0.3541,0.6409
2019,1204 - Valmont,513,263,112,75,40,16,7,1.9513,0.5127,0.731
2019,1205 - Grangette,682,201,165,112,118,63,23,2.6613,0.2947,0.5367
2019,1206 - Praz-Séchaud,693,144,148,147,136,84,34,3.0058,0.2078,0.4214
2019,1207 - Ch. des Roches,166,39,46,30,37,9,5,2.7048,0.2349,0.512
2019,1208 - Grand-Vennes,869,355,241,123,105,29,16,2.1669,0.4085,0.6858
2019,13 - Sauvabelin,371,100,87,74,72,30,8,2.6685,0.2695,0.504
2019,1301 - Sauvabelin,27,11,7,1,3,4,1,2.4815,0.4074,0.6667
2019,1302 - Pré-Fleuri,344,89,80,73,69,26,7,2.6831,0.2587,0.4913
2019,14 - Borde/Bellevaux,4766,2141,1305,611,460,184,65,2.056,0.4492,0.723
2019,1401 - Borde,1008,412,264,156,103,53,20,2.2073,0.4087,0.6706
2019,1402 - Rouvraie,961,426,316,117,76,19,7,1.9324,0.4433,0.7721
2019,1403 - Bellevaux,2421,1130,621,292,243,103,32,2.0483,0.4667,0.7233
2019,1404 - Rte du Signal,376,173,104,46,38,9,6,2.016,0.4601,0.7367
2019,15 - Vinet/Pontaise,4106,2235,1063,449,256,75,28,1.7786,0.5443,0.8032
2019,1501 - Pré-du-Marché,1164,677,300,100,64,19,4,1.6804,0.5816,0.8393
2019,1502 - Valentin,1579,879,412,168,89,23,8,1.7315,0.5567,0.8176
2019,1503 - Pontaise,1363,679,351,181,103,33,16,1.9171,0.4982,0.7557
2019,16 - Bossons/Blécherette,3304,1351,876,501,395,140,41,2.171,0.4089,0.674
2019,1601 - Stade,1,0,0,1,0,0,0,3.0,0.0,0.0
2019,1602 - Ancien-Stand,329,80,85,58,60,37,9,2.772,0.2432,0.5015
2019,1603 - Bois-Mermet,20,5,4,5,4,2,0,2.7,0.25,0.45
2019,1604 - Bois-Gentil,1874,778,480,286,232,71,27,2.1708,0.4152,0.6713
2019,1605 - Bossons,1078,487,306,151,99,30,5,1.9787,0.4518,0.7356
2019,1606 - Blécherette,2,1,1,0,0,0,0,1.5,0.5,1.0
2019,17 - Beaulieu/Grey/Boisy,3008,1239,943,407,317,80,22,2.0505,0.4119,0.7254
2019,1701 - Beaulieu,106,21,44,21,20,0,0,2.3774,0.1981,0.6132
2019,1702 - Bergières,987,376,324,141,109,27,10,2.1155,0.381,0.7092
2019,1703 - Pierrefleur,1915,842,575,245,188,53,12,1.999,0.4397,0.7399
2019,2 - Maupas/Valency,7642,4037,2091,821,517,133,43,1.7948,0.5283,0.8019
2019,201 - Maupas,1707,970,449,163,99,18,8,1.6983,0.5682,0.8313
2019,202 - Av. d'Echallens,2105,1100,571,240,139,38,17,1.8181,0.5226,0.7938
2019,203 - Montétan,1280,685,338,148,85,22,2,1.7727,0.5352,0.7992
2019,204 - Chablière,1467,657,447,169,144,39,11,1.9809,0.4479,0.7526
2019,205 - Valency,1083,625,286,101,50,16,5,1.6759,0.5771,0.8412
2019,3 - Sébeillon/Malley,5559,2546,1504,739,505,184,81,2.0288,0.458,0.7285
2019,301 - Av. de Morges,1852,946,484,197,149,56,20,1.9012,0.5108,0.7721
2019,302 - Rue de Sébeillon,86,19,23,25,14,4,1,2.593,0.2209,0.4884
2019,303 - Tivoli,1214,579,354,164,86,24,7,1.888,0.4769,0.7685
2019,304 - Prélaz,1358,623,342,185,123,46,39,2.1038,0.4588,0.7106
2019,305 - Gare de Sébeillon,373,150,128,60,26,7,2,1.9812,0.4021,0.7453
2019,306 - Av. de Provence,1,0,0,0,1,0,0,4.0,0.0,0.0
2019,307 - Malley,675,229,173,108,106,47,12,2.4326,0.3393,0.5956
2019,4 - Montoie/Bourdonnette,3575,1604,929,470,362,149,61,2.0957,0.4487,0.7085
2019,401 - Montoie,1742,856,451,221,136,62,16,1.9443,0.4914,0.7503
2019,402 - Vallée de la Jeunesse,141,46,34,23,25,10,3,2.5106,0.3262,0.5674
2019,403 - Pyramides,685,362,164,73,56,25,5,1.8876,0.5285,0.7679
2019,404 - Prés-de-Vidy,390,232,98,33,23,2,2,1.6487,0.5949,0.8462
2019,405 - Bourget,2,0,1,0,1,0,0,3.0,0.0,0.5
2019,406 - Bourdonnette,615,108,181,120,121,50,35,2.9415,0.1756,0.4699
2019,5 - Montriond/Cour,4247,2101,1163,492,368,99,24,1.8926,0.4947,0.7685
2019,501 - Marc-Dufour,1591,829,431,162,119,42,8,1.8347,0.5211,0.792
2019,503 - Les Cèdres,22,9,7,4,2,0,0,1.9545,0.4091,0.7273
2019,504 - Cour,1128,526,313,157,102,22,8,1.9477,0.4663,0.7438
2019,505 - Mont-d'Or,1503,736,412,167,145,35,8,1.9108,0.4897,0.7638
2019,506 - Bellerive,3,1,0,2,0,0,0,2.3333,0.3333,0.3333
2019,6 - Sous-Gare/Ouchy,5722,2968,1537,633,457,101,26,1.8273,0.5187,0.7873
2019,601 - Grancy,1892,983,469,235,158,40,7,1.8536,0.5196,0.7674
2019,602 - Harpe,2423,1246,698,239,191,36,13,1.8135,0.5142,0.8023
2019,603 - Av. d'Ouchy,624,318,153,74,59,15,5,1.9103,0.5096,0.7548
2019,604 - Ouchy,783,421,217,85,49,10,1,1.7407,0.5377,0.8148
2019,7 - Montchoisi,2172,1198,551,223,156,40,4,1.7592,0.5516,0.8052
2019,701 - Montchoisi,2058,1156,515,206,139,38,4,1.7386,0.5617,0.812
2019,702 - Elysée,114,42,36,17,17,2,0,2.1316,0.3684,0.6842
2019,8 - Florimont/Chissiez,3024,1449,836,358,264,98,19,1.9425,0.4792,0.7556
2019,801 - Florimont,1018,499,267,114,100,32,6,1.942,0.4902,0.7525
2019,802 - Av. Rambert,558,216,170,73,64,28,7,2.1864,0.3871,0.6918
2019,803 - Chissiez,1448,734,399,171,100,38,6,1.8488,0.5069,0.7825
2019,9 - Mousquines/Bellevue,1266,570,348,168,130,41,9,2.0205,0.4502,0.7251
2019,90 - Zones foraines,1597,558,409,243,266,89,32,2.4033,0.3494,0.6055
2019,901 - Mon-Repos,99,51,18,13,13,4,0,2.0,0.5152,0.697
2019,9010 - Les Râpes,1376,508,341,203,224,71,29,2.3641,0.3692,0.617
2019,902 - Av. Secrétan,775,308,225,114,94,26,8,2.1445,0.3974,0.6877
2019,9020 - Montheron,51,11,17,12,8,3,0,2.5098,0.2157,0.549
2019,903 - Ch. de la Vuachère,392,211,105,41,23,11,1,1.7806,0.5383,0.8061
2019,9030 - Vernand,170,39,51,28,34,15,3,2.6882,0.2294,0.5294
2019,Ville de Lausanne,72353,34637,19431,8889,6570,2111,715,1.9627,0.4787,0.7473
2020,1 - Centre,7282,4108,1907,703,419,111,34,1.7166,0.5641,0.826
2020,10 - Vallon/Béthusy,3502,1870,927,369,249,64,23,1.8013,0.534,0.7987
2020,1001 - Le Vallon,845,434,225,102,58,18,8,1.8556,0.5136,0.7799
2020,1002 - Hôpitaux,41,18,12,6,3,2,0,2.0,0.439,0.7317
2020,1003 - Victor-Ruffy,1331,701,341,142,111,29,7,1.8385,0.5267,0.7829
2020,1004 - Béthusy,1285,717,349,119,77,15,8,1.7206,0.558,0.8296
2020,101 - Rue Centrale,1403,876,344,113,53,13,4,1.5738,0.6244,0.8696
2020,102 - Chauderon,1265,756,329,104,60,10,6,1.6269,0.5976,0.8577
2020,103 - Flon,31,21,6,4,0,0,0,1.4516,0.6774,0.871
2020,104 - Montbenon,96,51,29,10,5,0,1,1.7292,0.5312,0.8333
2020,105 - Gare/Petit-Chêne,687,358,196,69,51,9,4,1.7962,0.5211,0.8064
2020,106 - Georgette,776,376,213,83,72,27,5,1.9446,0.4845,0.759
2020,107 - Avant-Poste,927,463,253,121,72,16,2,1.849,0.4995,0.7724
2020,108 - Marterey,1044,605,279,93,42,16,9,1.6791,0.5795,0.8467
2020,109 - Cité,409,227,100,40,33,7,2,1.78,0.555,0.7995
2020,11 - Chailly/Rovéréaz,4450,2051,1223,490,484,159,43,2.0222,0.4609,0.7357
2020,110 - Riponne/Tunnel,644,375,158,66,31,13,1,1.6848,0.5823,0.8276
2020,1101 - Chailly,2405,1229,651,267,191,52,15,1.8549,0.511,0.7817
2020,1102 - Plaisante,693,289,210,68,83,38,5,2.1212,0.417,0.7201
2020,1103 - Bois de Rovéréaz,28,6,9,2,7,2,2,2.9286,0.2143,0.5357
2020,1104 - Craivavers,326,67,112,41,74,25,7,2.7117,0.2055,0.5491
2020,1105 - Devin,998,460,241,112,129,42,14,2.1062,0.4609,0.7024
2020,12 - Sallaz/Vennes/Séchaud,6804,2648,1750,1036,871,345,154,2.2844,0.3892,0.6464
2020,1201 - La Sallaz,1789,812,489,236,187,51,14,2.0117,0.4539,0.7272
2020,1202 - Vennes,653,313,130,70,80,42,18,2.2037,0.4793,0.6784
2020,1203 - Rte de Berne,1459,532,411,238,187,61,30,2.2831,0.3646,0.6463
2020,1204 - Valmont,514,261,129,68,41,11,4,1.8872,0.5078,0.7588
2020,1205 - Grangette,684,187,175,109,121,64,28,2.7251,0.2734,0.5292
2020,1206 - Praz-Séchaud,696,152,138,157,133,70,46,3.0216,0.2184,0.4167
2020,1207 - Ch. des Roches,166,42,47,30,33,12,2,2.6024,0.253,0.5361
2020,1208 - Grand-Vennes,843,349,231,128,89,34,12,2.1412,0.414,0.688
2020,13 - Sauvabelin,370,101,96,72,67,25,9,2.6081,0.273,0.5324
2020,1301 - Sauvabelin,28,10,8,2,4,3,1,2.5,0.3571,0.6429
2020,1302 - Pré-Fleuri,342,91,88,70,63,22,8,2.617,0.2661,0.5234
2020,14 - Borde/Bellevaux,4756,2218,1262,572,457,182,65,2.0292,0.4664,0.7317
2020,1401 - Borde,1001,426,260,141,103,49,22,2.1778,0.4256,0.6853
2020,1402 - Rouvraie,965,455,309,105,70,20,6,1.8756,0.4715,0.7917
2020,1403 - Bellevaux,2417,1152,600,283,246,103,33,2.0401,0.4766,0.7249
2020,1404 - Rte du Signal,373,185,93,43,38,10,4,1.9571,0.496,0.7453
2020,15 - Vinet/Pontaise,4092,2272,1046,424,254,69,27,1.7561,0.5552,0.8109
2020,1501 - Pré-du-Marché,1140,676,274,106,60,19,5,1.6772,0.593,0.8333
2020,1502 - Valentin,1586,885,409,165,98,19,10,1.7371,0.558,0.8159
2020,1503 - Pontaise,1366,711,363,153,96,31,12,1.8441,0.5205,0.7862
2020,16 - Bossons/Blécherette,3327,1390,868,504,381,136,48,2.1575,0.4178,0.6787
2020,1601 - Stade,2,1,0,1,0,0,0,2.0,0.5,0.5
2020,1602 - Ancien-Stand,329,87,79,61,57,34,11,2.7447,0.2644,0.5046
2020,1603 - Bois-Mermet,19,5,5,3,4,2,0,2.6316,0.2632,0.5263
2020,1604 - Bois-Gentil,1903,801,488,284,230,71,29,2.1582,0.4209,0.6774
2020,1605 - Bossons,1071,494,295,155,90,29,8,1.9701,0.4613,0.7367
2020,1606 - Blécherette,3,2,1,0,0,0,0,1.3333,0.6667,1.0
2020,17 - Beaulieu/Grey/Boisy,3030,1289,927,401,303,85,25,2.0323,0.4254,0.7314
2020,1701 - Beaulieu,111,27,45,20,19,0,0,2.2793,0.2432,0.6486
2020,1702 - Bergières,987,386,320,125,111,35,10,2.1175,0.3911,0.7153
2020,1703 - Pierrefleur,1932,876,562,256,173,50,15,1.9746,0.4534,0.7443
2020,2 - Maupas/Valency,7660,4132,2042,819,500,122,45,1.7752,0.5394,0.806
2020,201 - Maupas,1697,967,454,154,105,12,5,1.6806,0.5698,0.8374
2020,202 - Av. d'Echallens,2087,1131,545,225,131,38,17,1.7868,0.5419,0.8031
2020,203 - Montétan,1298,716,320,155,87,16,4,1.7542,0.5516,0.7982
2020,204 - Chablière,1476,679,431,188,121,43,14,1.9661,0.46,0.752
2020,205 - Valency,1102,639,292,97,56,13,5,1.6679,0.5799,0.8448
2020,3 - Sébeillon/Malley,5556,2597,1488,720,486,182,83,2.0101,0.4674,0.7352
2020,301 - Av. de Morges,1832,942,483,188,143,54,22,1.893,0.5142,0.7778
2020,302 - Rue de Sébeillon,86,20,22,22,16,4,2,2.6512,0.2326,0.4884
2020,303 - Tivoli,1217,596,345,165,81,26,4,1.8595,0.4897,0.7732
2020,304 - Prélaz,1369,642,346,184,108,48,41,2.0782,0.469,0.7217
2020,305 - Gare de Sébeillon,374,153,121,61,31,5,3,2.0,0.4091,0.7326
2020,306 - Av. de Provence,1,0,0,0,1,0,0,4.0,0.0,0.0
2020,307 - Malley,677,244,171,100,106,45,11,2.3811,0.3604,0.613
2020,4 - Montoie/Bourdonnette,3589,1638,920,470,346,162,53,2.0766,0.4564,0.7127
2020,401 - Montoie,1779,896,459,210,136,66,12,1.9123,0.5037,0.7617
2020,402 - Vallée de la Jeunesse,142,49,33,26,25,8,1,2.3944,0.3451,0.5775
2020,403 - Pyramides,663,348,155,77,54,25,4,1.8974,0.5249,0.7587
2020,404 - Prés-de-Vidy,393,237,98,36,16,4,2,1.626,0.6031,0.8524
2020,405 - Bourget,2,0,0,1,0,1,0,4.0,0.0,0.0
2020,406 - Bourdonnette,610,108,175,120,115,58,34,2.9607,0.177,0.4639
2020,5 - Montriond/Cour,4298,2154,1186,480,359,87,32,1.8755,0.5012,0.7771
2020,501 - Marc-Dufour,1605,859,426,154,123,31,12,1.8093,0.5352,0.8006
2020,503 - Les Cèdres,21,9,7,3,2,0,0,1.9048,0.4286,0.7619
2020,504 - Cour,1156,534,326,162,101,21,12,1.9593,0.4619,0.7439
2020,505 - Mont-d'Or,1512,750,427,159,133,35,8,1.881,0.496,0.7784
2020,506 - Bellerive,4,2,0,2,0,0,0,2.0,0.5,0.5
2020,6 - Sous-Gare/Ouchy,5754,3030,1533,616,448,104,23,1.8104,0.5266,0.793
2020,601 - Grancy,1901,1007,467,223,158,38,8,1.8348,0.5297,0.7754
2020,602 - Harpe,2437,1261,689,248,191,39,9,1.8076,0.5174,0.8002
2020,603 - Av. d'Ouchy,615,310,159,72,50,19,5,1.9089,0.5041,0.7626
2020,604 - Ouchy,801,452,218,73,49,8,1,1.6854,0.5643,0.8365
2020,7 - Montchoisi,2204,1249,540,207,166,35,7,1.7414,0.5667,0.8117
2020,701 - Montchoisi,2091,1205,508,190,148,33,7,1.7202,0.5763,0.8192
2020,702 - Elysée,113,44,32,17,18,2,0,2.1327,0.3894,0.6726
2020,8 - Florimont/Chissiez,3000,1448,816,357,278,86,15,1.9327,0.4827,0.7547
2020,801 - Florimont,1012,496,259,122,104,26,5,1.9377,0.4901,0.746
2020,802 - Av. Rambert,555,201,178,71,76,25,4,2.2108,0.3622,0.6829
2020,803 - Chissiez,1433,751,379,164,98,35,6,1.8214,0.5241,0.7886
2020,9 - Mousquines/Bellevue,1256,565,338,167,138,40,8,2.0303,0.4498,0.7189
2020,90 - Zones foraines,1798,610,499,276,288,87,38,2.3854,0.3393,0.6168
2020,901 - Mon-Repos,98,45,21,16,13,2,1,2.0816,0.4592,0.6735
2020,9010 - Les Râpes,1571,556,425,244,246,70,30,2.3437,0.3539,0.6244
2020,902 - Av. Secrétan,765,305,212,116,98,28,6,2.1582,0.3987,0.6758
2020,9020 - Montheron,52,17,16,9,7,2,1,2.3269,0.3269,0.6346
2020,903 - Ch. de la Vuachère,393,215,105,35,27,10,1,1.7684,0.5471,0.8142
2020,9030 - Vernand,175,37,58,23,35,15,7,2.7771,0.2114,0.5429
2020,Ville de Lausanne,72728,35370,19368,8683,6494,2081,732,1.9478,0.4863,0.7526
2021,1 - Centre,7551,4318,1935,704,439,116,39,1.7096,0.5718,0.8281
2021,10 - Vallon/Béthusy,3535,1931,913,370,243,57,21,1.774,0.5463,0.8045
2021,1001 - Le Vallon,853,448,215,109,57,18,6,1.8347,0.5252,0.7773
2021,1002 - Hôpitaux,49,25,15,5,3,1,0,1.7755,0.5102,0.8163
2021,1003 - Victor-Ruffy,1321,700,343,135,111,25,7,1.8236,0.5299,0.7896
2021,1004 - Béthusy,1312,758,340,121,72,13,8,1.6845,0.5777,0.8369
2021,101 - Rue Centrale,1443,912,355,110,53,9,4,1.5502,0.632,0.878
2021,102 - Chauderon,1379,858,340,112,50,15,4,1.5787,0.6222,0.8687
2021,103 - Flon,36,24,10,2,0,0,0,1.3889,0.6667,0.9444
2021,104 - Montbenon,98,48,32,13,4,0,1,1.7755,0.4898,0.8163
2021,105 - Gare/Petit-Chêne,712,381,189,74,53,12,3,1.7893,0.5351,0.8006
2021,106 - Georgette,792,375,219,86,79,25,8,1.9798,0.4735,0.75
2021,107 - Avant-Poste,925,471,247,114,75,13,5,1.8454,0.5092,0.7762
2021,108 - Marterey,1092,651,255,101,55,21,9,1.696,0.5962,0.8297
2021,109 - Cité,426,225,120,35,36,9,1,1.7981,0.5282,0.8099
2021,11 - Chailly/Rovéréaz,4507,2047,1224,544,491,153,48,2.0395,0.4542,0.7258
2021,110 - Riponne/Tunnel,648,373,168,57,34,12,4,1.7037,0.5756,0.8349
2021,1101 - Chailly,2445,1254,628,305,189,55,14,1.8626,0.5129,0.7697
2021,1102 - Plaisante,710,277,225,71,98,31,8,2.1732,0.3901,0.707
2021,1103 - Bois de Rovéréaz,29,6,10,2,7,2,2,2.8966,0.2069,0.5517
2021,1104 - Craivavers,336,74,111,52,67,21,11,2.6845,0.2202,0.5506
2021,1105 - Devin,987,436,250,114,130,44,13,2.1368,0.4417,0.695
2021,12 - Sallaz/Vennes/Séchaud,6965,2765,1768,1018,886,375,153,2.2749,0.397,0.6508
2021,1201 - La Sallaz,1796,859,445,240,179,55,18,1.9967,0.4783,0.7261
2021,1202 - Vennes,654,311,131,64,79,47,22,2.2477,0.4755,0.6758
2021,1203 - Rte de Berne,1514,543,431,252,187,72,29,2.2933,0.3587,0.6433
2021,1204 - Valmont,519,261,132,61,42,20,3,1.921,0.5029,0.7572
2021,1205 - Grangette,670,191,170,104,121,63,21,2.6701,0.2851,0.5388
2021,1206 - Praz-Séchaud,756,163,173,152,147,74,47,2.9788,0.2156,0.4444
2021,1207 - Ch. des Roches,170,44,49,33,33,9,2,2.5412,0.2588,0.5471
2021,1208 - Grand-Vennes,886,393,237,112,98,35,11,2.0847,0.4436,0.7111
2021,13 - Sauvabelin,375,103,95,75,73,23,6,2.5787,0.2747,0.528
2021,1301 - Sauvabelin,32,12,10,4,3,3,0,2.2188,0.375,0.6875
2021,1302 - Pré-Fleuri,343,91,85,71,70,20,6,2.6122,0.2653,0.5131
2021,14 - Borde/Bellevaux,4759,2239,1265,547,460,194,54,2.0168,0.4705,0.7363
2021,1401 - Borde,991,422,280,126,94,53,16,2.1322,0.4258,0.7084
2021,1402 - Rouvraie,948,445,302,103,73,19,6,1.885,0.4694,0.788
2021,1403 - Bellevaux,2444,1189,587,278,252,109,29,2.0266,0.4865,0.7267
2021,1404 - Rte du Signal,376,183,96,40,41,13,3,1.9814,0.4867,0.742
2021,15 - Vinet/Pontaise,4128,2328,1021,430,249,77,23,1.7447,0.564,0.8113
2021,1501 - Pré-du-Marché,1155,699,266,106,60,20,4,1.6597,0.6052,0.8355
2021,1502 - Valentin,1593,892,415,160,94,24,8,1.7288,0.5599,0.8205
2021,1503 - Pontaise,1380,737,340,164,95,33,11,1.8341,0.5341,0.7804
2021,16 - Bossons/Blécherette,3322,1393,881,474,388,136,50,2.155,0.4193,0.6845
2021,1601 - Stade,2,1,0,1,0,0,0,2.0,0.5,0.5
2021,1602 - Ancien-Stand,330,88,77,64,59,32,10,2.7273,0.2667,0.5
2021,1603 - Bois-Mermet,30,12,8,5,4,1,0,2.1333,0.4,0.6667
2021,1604 - Bois-Gentil,1890,795,487,267,237,73,31,2.1693,0.4206,0.6783
2021,1605 - Bossons,1069,496,309,137,88,30,9,1.9551,0.464,0.753
2021,1606 - Blécherette,1,1,0,0,0,0,0,1.0,1.0,1.0
2021,17 - Beaulieu/Grey/Boisy,3003,1275,913,391,312,88,24,2.0413,0.4246,0.7286
2021,1701 - Beaulieu,108,24,44,18,21,1,0,2.3611,0.2222,0.6296
2021,1702 - Bergières,1010,401,318,137,106,37,11,2.1129,0.397,0.7119
2021,1703 - Pierrefleur,1885,850,551,236,185,50,13,1.9846,0.4509,0.7432
2021,2 - Maupas/Valency,7758,4308,1946,842,500,112,50,1.7577,0.5553,0.8061
2021,201 - Maupas,1714,990,441,164,102,12,5,1.6727,0.5776,0.8349
2021,202 - Av. d'Echallens,2103,1160,528,229,131,37,18,1.7775,0.5516,0.8027
2021,203 - Montétan,1354,779,319,155,82,16,3,1.7068,0.5753,0.8109
2021,204 - Chablière,1484,715,398,195,122,35,19,1.9488,0.4818,0.75
2021,205 - Valency,1103,664,260,99,63,12,5,1.6573,0.602,0.8377
2021,3 - Sébeillon/Malley,5667,2681,1482,746,495,183,80,2.0007,0.4731,0.7346
2021,301 - Av. de Morges,1934,1000,492,202,160,60,20,1.8976,0.5171,0.7715
2021,302 - Rue de Sébeillon,85,20,24,23,12,3,3,2.6,0.2353,0.5176
2021,303 - Tivoli,1216,598,349,156,85,24,4,1.852,0.4918,0.7788
2021,304 - Prélaz,1353,648,330,185,106,46,38,2.0569,0.4789,0.7228
2021,305 - Gare de Sébeillon,397,163,121,72,33,4,4,2.0176,0.4106,0.7154
2021,306 - Av. de Provence,1,0,0,0,1,0,0,4.0,0.0,0.0
2021,307 - Malley,681,252,166,108,98,46,11,2.3598,0.37,0.6138
2021,4 - Montoie/Bourdonnette,3661,1672,948,457,366,157,61,2.08,0.4567,0.7157
2021,401 - Montoie,1805,913,471,198,142,64,17,1.9147,0.5058,0.7668
2021,402 - Vallée de la Jeunesse,144,44,38,25,27,8,2,2.4792,0.3056,0.5694
2021,403 - Pyramides,671,357,154,75,54,25,6,1.8972,0.532,0.7615
2021,404 - Prés-de-Vidy,426,244,113,41,21,4,3,1.6854,0.5728,0.838
2021,405 - Bourget,2,0,0,1,1,0,0,3.5,0.0,0.0
2021,406 - Bourdonnette,613,114,172,117,121,56,33,2.9429,0.186,0.4666
2021,5 - Montriond/Cour,4371,2159,1199,519,375,94,25,1.8895,0.4939,0.7682
2021,501 - Marc-Dufour,1609,876,404,178,116,30,5,1.7819,0.5444,0.7955
2021,503 - Les Cèdres,23,12,6,3,2,0,0,1.7826,0.5217,0.7826
2021,504 - Cour,1157,521,324,157,116,29,10,2.0043,0.4503,0.7303
2021,505 - Mont-d'Or,1579,749,465,179,141,35,10,1.9158,0.4744,0.7688
2021,506 - Bellerive,3,1,0,2,0,0,0,2.3333,0.3333,0.3333
2021,6 - Sous-Gare/Ouchy,5869,3178,1515,606,448,98,24,1.785,0.5415,0.7996
2021,601 - Grancy,1898,1009,462,230,152,34,11,1.8325,0.5316,0.775
2021,602 - Harpe,2456,1313,673,233,190,38,9,1.7797,0.5346,0.8086
2021,603 - Av. d'Ouchy,641,335,164,69,50,20,3,1.858,0.5226,0.7785
2021,604 - Ouchy,874,521,216,74,56,6,1,1.643,0.5961,0.8432
2021,7 - Montchoisi,2190,1242,542,194,166,40,6,1.7416,0.5671,0.8146
2021,701 - Montchoisi,2076,1198,510,176,149,37,6,1.7192,0.5771,0.8227
2021,702 - Elysée,114,44,32,18,17,3,0,2.1491,0.386,0.6667
2021,8 - Florimont/Chissiez,3011,1456,835,346,271,88,15,1.9239,0.4836,0.7609
2021,801 - Florimont,1008,488,270,115,100,29,6,1.9444,0.4841,0.752
2021,802 - Av. Rambert,550,200,179,73,70,23,5,2.1945,0.3636,0.6891
2021,803 - Chissiez,1453,768,386,158,101,36,4,1.8073,0.5286,0.7942
2021,9 - Mousquines/Bellevue,1282,580,356,152,153,37,4,2.007,0.4524,0.7301
2021,90 - Zones foraines,1764,644,456,245,310,78,31,2.3458,0.3651,0.6236
2021,901 - Mon-Repos,95,48,17,15,13,2,0,1.9895,0.5053,0.6842
2021,9010 - Les Râpes,1537,592,379,209,271,62,24,2.3025,0.3852,0.6318
2021,902 - Av. Secrétan,796,325,228,102,110,27,4,2.1231,0.4083,0.6947
2021,9020 - Montheron,52,15,17,8,8,2,2,2.4808,0.2885,0.6154
2021,903 - Ch. de la Vuachère,391,207,111,35,30,8,0,1.7749,0.5294,0.8133
2021,9030 - Vernand,175,37,60,28,31,14,5,2.6857,0.2114,0.5543
2021,Ville de Lausanne,73718,36319,19294,8660,6625,2106,714,1.9387,0.4927,0.7544
2022,1 - Centre,7686,4437,1915,737,455,105,37,1.7021,0.5773,0.8264
2022,10 - Vallon/Béthusy,3564,1938,918,370,248,68,22,1.7873,0.5438,0.8013
2022,1001 - Le Vallon,871,465,220,105,54,22,5,1.8152,0.5339,0.7865
2022,1002 - Hôpitaux,50,23,15,5,2,4,1,2.06,0.46,0.76
2022,1003 - Victor-Ruffy,1326,712,318,141,116,30,9,1.8462,0.537,0.7768
2022,1004 - Béthusy,1317,738,365,119,76,12,7,1.6993,0.5604,0.8375
2022,101 - Rue Centrale,1501,969,339,124,50,15,4,1.547,0.6456,0.8714
2022,102 - Chauderon,1422,886,347,109,62,17,1,1.5802,0.6231,0.8671
2022,103 - Flon,32,16,15,1,0,0,0,1.5312,0.5,0.9688
2022,104 - Montbenon,97,54,26,13,3,0,1,1.6907,0.5567,0.8247
2022,105 - Gare/Petit-Chêne,715,394,186,70,51,11,3,1.7566,0.551,0.8112
2022,106 - Georgette,798,362,231,97,85,20,3,1.9749,0.4536,0.7431
2022,107 - Avant-Poste,924,471,233,127,77,8,8,1.8636,0.5097,0.7619
2022,108 - Marterey,1128,679,263,92,64,19,11,1.6924,0.602,0.8351
2022,109 - Cité,425,240,109,35,35,5,1,1.7294,0.5647,0.8212
2022,11 - Chailly/Rovéréaz,4575,2140,1189,549,497,147,53,2.0238,0.4678,0.7277
2022,110 - Riponne/Tunnel,644,366,166,69,28,10,5,1.7112,0.5683,0.8261
2022,1101 - Chailly,2513,1326,615,289,213,55,15,1.8524,0.5277,0.7724
2022,1102 - Plaisante,720,288,213,88,88,31,12,2.1792,0.4,0.6958
2022,1103 - Bois de Rovéréaz,27,6,8,4,5,2,2,2.8889,0.2222,0.5185
2022,1104 - Craivavers,328,72,107,56,65,16,12,2.6768,0.2195,0.5457
2022,1105 - Devin,987,448,246,112,126,43,12,2.1064,0.4539,0.7031
2022,12 - Sallaz/Vennes/Séchaud,7011,2800,1775,1003,883,388,162,2.2771,0.3994,0.6525
2022,1201 - La Sallaz,1801,871,448,228,185,52,17,1.9822,0.4836,0.7324
2022,1202 - Vennes,660,309,137,68,79,46,21,2.2424,0.4682,0.6758
2022,1203 - Rte de Berne,1521,553,422,250,187,79,30,2.3011,0.3636,0.641
2022,1204 - Valmont,528,275,125,64,43,16,5,1.9015,0.5208,0.7576
2022,1205 - Grangette,705,212,181,103,119,66,24,2.634,0.3007,0.5574
2022,1206 - Praz-Séchaud,756,150,179,152,147,83,45,3.0185,0.1984,0.4352
2022,1207 - Ch. des Roches,169,43,54,35,23,9,5,2.5325,0.2544,0.574
2022,1208 - Grand-Vennes,871,387,229,103,100,37,15,2.1171,0.4443,0.7072
2022,13 - Sauvabelin,376,98,94,83,72,22,7,2.6117,0.2606,0.5106
2022,1301 - Sauvabelin,30,11,10,5,2,2,0,2.1333,0.3667,0.7
2022,1302 - Pré-Fleuri,346,87,84,78,70,20,7,2.6532,0.2514,0.4942
2022,14 - Borde/Bellevaux,4827,2264,1278,552,462,206,65,2.0321,0.469,0.7338
2022,1401 - Borde,993,442,263,116,102,45,25,2.139,0.4451,0.71
2022,1402 - Rouvraie,943,449,298,104,66,20,6,1.8696,0.4761,0.7922
2022,1403 - Bellevaux,2506,1185,619,292,256,123,31,2.0571,0.4729,0.7199
2022,1404 - Rte du Signal,385,188,98,40,38,18,3,1.9922,0.4883,0.7429
2022,15 - Vinet/Pontaise,4178,2378,1027,411,256,83,23,1.7389,0.5692,0.815
2022,1501 - Pré-du-Marché,1144,702,256,103,61,19,3,1.646,0.6136,0.8374
2022,1502 - Valentin,1599,917,396,152,101,23,10,1.7223,0.5735,0.8211
2022,1503 - Pontaise,1435,759,375,156,94,41,10,1.8314,0.5289,0.7902
2022,16 - Bossons/Blécherette,3491,1439,945,495,432,130,50,2.1604,0.4122,0.6829
2022,1601 - Stade,1,0,0,1,0,0,0,3.0,0.0,0.0
2022,1602 - Ancien-Stand,328,90,75,62,62,29,10,2.7104,0.2744,0.503
2022,1603 - Bois-Mermet,31,13,8,7,2,1,0,2.0323,0.4194,0.6774
2022,1604 - Bois-Gentil,1907,799,490,266,249,73,30,2.1751,0.419,0.6759
2022,1605 - Bossons,1154,524,344,140,110,26,10,1.9688,0.4541,0.7522
2022,1606 - Blécherette,70,13,28,19,9,1,0,2.3857,0.1857,0.5857
2022,17 - Beaulieu/Grey/Boisy,3022,1288,932,370,319,85,28,2.0381,0.4262,0.7346
2022,1701 - Beaulieu,110,32,43,15,19,1,0,2.2182,0.2909,0.6818
2022,1702 - Bergières,1030,402,334,132,114,36,12,2.1223,0.3903,0.7146
2022,1703 - Pierrefleur,1882,854,555,223,186,48,16,1.9814,0.4538,0.7487
2022,2 - Maupas/Valency,7750,4248,2008,849,475,123,47,1.7619,0.5481,0.8072
2022,201 - Maupas,1723,1002,452,152,100,14,3,1.6558,0.5815,0.8439
2022,202 - Av. d'Echallens,2136,1170,553,227,135,33,18,1.7734,0.5478,0.8066
2022,203 - Montétan,1328,746,312,164,82,19,5,1.747,0.5617,0.7967
2022,204 - Chablière,1474,696,417,200,102,42,17,1.945,0.4722,0.7551
2022,205 - Valency,1089,634,274,106,56,15,4,1.6777,0.5822,0.8338
2022,3 - Sébeillon/Malley,5703,2695,1490,750,492,197,79,2.0044,0.4726,0.7338
2022,301 - Av. de Morges,1937,977,521,188,166,66,19,1.9153,0.5044,0.7734
2022,302 - Rue de Sébeillon,84,21,23,23,12,3,2,2.5357,0.25,0.5238
2022,303 - Tivoli,1203,577,348,166,84,23,5,1.8761,0.4796,0.7689
2022,304 - Prélaz,1377,673,315,198,102,51,38,2.0523,0.4887,0.7175
2022,305 - Gare de Sébeillon,424,196,116,66,34,7,5,1.9623,0.4623,0.7358
2022,306 - Av. de Provence,1,0,0,1,0,0,0,3.0,0.0,0.0
2022,307 - Malley,677,251,167,108,94,47,10,2.3486,0.3708,0.6174
2022,4 - Montoie/Bourdonnette,3738,1727,951,464,371,167,58,2.0722,0.462,0.7164
2022,401 - Montoie,1869,949,506,191,140,69,14,1.8925,0.5078,0.7785
2022,402 - Vallée de la Jeunesse,148,46,36,25,28,12,1,2.5135,0.3108,0.5541
2022,403 - Pyramides,667,352,149,76,60,23,7,1.922,0.5277,0.7511
2022,404 - Prés-de-Vidy,436,265,92,45,25,6,3,1.6858,0.6078,0.8188
2022,405 - Bourget,2,0,0,1,0,0,1,5.0,0.0,0.0
2022,406 - Bourdonnette,616,115,168,126,118,57,32,2.9383,0.1867,0.4594
2022,5 - Montriond/Cour,4383,2146,1212,528,377,94,26,1.8969,0.4896,0.7661
2022,501 - Marc-Dufour,1611,878,411,175,105,36,6,1.7796,0.545,0.8001
2022,503 - Les Cèdres,21,11,5,3,2,0,0,1.8095,0.5238,0.7619
2022,504 - Cour,1177,523,341,156,121,26,10,2.0025,0.4444,0.7341
2022,505 - Mont-d'Or,1570,732,455,192,149,32,10,1.9389,0.4662,0.7561
2022,506 - Bellerive,4,2,0,2,0,0,0,2.0,0.5,0.5
2022,6 - Sous-Gare/Ouchy,5958,3195,1561,621,451,106,24,1.7929,0.5363,0.7983
2022,601 - Grancy,1964,1027,488,241,167,33,8,1.8406,0.5229,0.7714
2022,602 - Harpe,2481,1314,696,230,184,46,11,1.7892,0.5296,0.8102
2022,603 - Av. d'Ouchy,634,320,167,75,50,19,3,1.8849,0.5047,0.7681
2022,604 - Ouchy,879,534,210,75,50,8,2,1.6303,0.6075,0.8464
2022,7 - Montchoisi,2181,1250,534,183,165,38,11,1.7396,0.5731,0.818
2022,701 - Montchoisi,2066,1202,504,169,145,35,11,1.7178,0.5818,0.8258
2022,702 - Elysée,115,48,30,14,20,3,0,2.1304,0.4174,0.6783
2022,8 - Florimont/Chissiez,3010,1444,841,348,268,86,23,1.9379,0.4797,0.7591
2022,801 - Florimont,1009,486,272,115,99,28,9,1.9564,0.4817,0.7512
2022,802 - Av. Rambert,555,198,180,80,68,21,8,2.218,0.3568,0.6811
2022,803 - Chissiez,1446,760,389,153,101,37,6,1.8174,0.5256,0.7946
2022,9 - Mousquines/Bellevue,1298,564,381,160,151,36,6,2.0277,0.4345,0.728
2022,90 - Zones foraines,1694,522,499,247,319,71,36,2.4463,0.3081,0.6027
2022,901 - Mon-Repos,94,44,17,15,17,1,0,2.0851,0.4681,0.6489
2022,9010 - Les Râpes,1469,474,423,210,279,57,26,2.405,0.3227,0.6106
2022,902 - Av. Secrétan,811,309,264,99,108,27,4,2.1319,0.381,0.7065
2022,9020 - Montheron,53,13,19,12,5,2,2,2.4717,0.2453,0.6038
2022,903 - Ch. de la Vuachère,393,211,100,46,26,8,2,1.799,0.5369,0.7913
2022,9030 - Vernand,172,35,57,25,35,12,8,2.7907,0.2035,0.5349
2022,Ville de Lausanne,74445,36573,19550,8720,6693,2152,757,1.9432,0.4913,0.7539
2023,1 - Centre,7619,4430,1850,750,449,99,41,1.7007,0.5814,0.8243
2023,10 - Vallon/Béthusy,3523,1936,892,363,247,59,26,1.7809,0.5495,0.8027
2023,1001 - Le Vallon,856,439,229,112,53,17,6,1.8364,0.5129,0.7804
2023,1002 - Hôpitaux,43,19,18,4,2,0,0,1.7442,0.4419,0.8605
2023,1003 - Victor-Ruffy,1322,723,306,140,109,31,13,1.8434,0.5469,0.7784
2023,1004 - Béthusy,1302,755,339,107,83,11,7,1.682,0.5799,0.8402
2023,101 - Rue Centrale,1466,952,315,121,59,15,4,1.558,0.6494,0.8643
2023,102 - Chauderon,1432,911,324,117,63,14,3,1.5733,0.6362,0.8624
2023,103 - Flon,31,16,14,1,0,0,0,1.5161,0.5161,0.9677
2023,104 - Montbenon,97,52,29,10,5,0,1,1.7216,0.5361,0.8351
2023,105 - Gare/Petit-Chêne,725,391,185,91,47,10,1,1.7641,0.5393,0.7945
2023,106 - Georgette,796,372,222,97,84,17,4,1.9548,0.4673,0.7462
2023,107 - Avant-Poste,905,463,234,109,79,12,8,1.8674,0.5116,0.7702
2023,108 - Marterey,1110,660,265,94,59,18,14,1.7081,0.5946,0.8333
2023,109 - Cité,421,239,107,39,28,7,1,1.7197,0.5677,0.8219
2023,11 - Chailly/Rovéréaz,4574,2138,1200,535,517,132,52,2.019,0.4674,0.7298
2023,110 - Riponne/Tunnel,636,374,155,71,25,6,5,1.6698,0.5881,0.8318
2023,1101 - Chailly,2527,1339,631,278,223,43,13,1.8334,0.5299,0.7796
2023,1102 - Plaisante,708,285,206,82,93,27,15,2.1963,0.4025,0.6935
2023,1103 - Bois de Rovéréaz,27,5,9,5,3,2,3,3.0,0.1852,0.5185
2023,1104 - Craivavers,341,73,110,59,69,20,10,2.6862,0.2141,0.5367
2023,1105 - Devin,971,436,244,111,129,40,11,2.1112,0.449,0.7003
2023,12 - Sallaz/Vennes/Séchaud,6960,2766,1736,992,897,408,161,2.2944,0.3974,0.6468
2023,1201 - La Sallaz,1798,876,434,221,190,60,17,1.9944,0.4872,0.7286
2023,1202 - Vennes,652,293,145,63,79,47,25,2.2975,0.4494,0.6718
2023,1203 - Rte de Berne,1524,555,417,237,211,76,28,2.3097,0.3642,0.6378
2023,1204 - Valmont,533,270,123,81,37,17,5,1.9268,0.5066,0.7373
2023,1205 - Grangette,690,208,174,104,103,69,32,2.6797,0.3014,0.5536
2023,1206 - Praz-Séchaud,742,141,171,149,153,91,37,3.0404,0.19,0.4205
2023,1207 - Ch. des Roches,164,38,52,37,23,11,3,2.5671,0.2317,0.5488
2023,1208 - Grand-Vennes,857,385,220,100,101,37,14,2.1144,0.4492,0.706
2023,13 - Sauvabelin,371,103,78,90,74,21,5,2.6011,0.2776,0.4879
2023,1301 - Sauvabelin,28,9,7,5,5,2,0,2.4286,0.3214,0.5714
2023,1302 - Pré-Fleuri,343,94,71,85,69,19,5,2.6152,0.2741,0.481
2023,14 - Borde/Bellevaux,4794,2268,1268,551,437,207,63,2.0194,0.4731,0.7376
2023,1401 - Borde,983,444,255,118,97,45,24,2.1251,0.4517,0.7111
2023,1402 - Rouvraie,936,456,278,105,72,21,4,1.8675,0.4872,0.7842
2023,1403 - Bellevaux,2502,1190,640,288,228,124,32,2.0344,0.4756,0.7314
2023,1404 - Rte du Signal,373,178,95,40,40,17,3,2.0214,0.4772,0.7319
2023,15 - Vinet/Pontaise,4165,2329,1058,419,252,85,22,1.7501,0.5592,0.8132
2023,1501 - Pré-du-Marché,1135,672,281,102,58,17,5,1.667,0.5921,0.8396
2023,1502 - Valentin,1585,906,398,153,94,24,10,1.7205,0.5716,0.8227
2023,1503 - Pontaise,1445,751,379,164,100,44,7,1.8478,0.5197,0.782
2023,16 - Bossons/Blécherette,4141,1660,1139,598,506,175,63,2.1908,0.4009,0.6759
2023,1601 - Stade,1,0,0,1,0,0,0,3.0,0.0,0.0
2023,1602 - Ancien-Stand,323,83,78,66,55,30,11,2.7368,0.257,0.4985
2023,1603 - Bois-Mermet,29,11,8,7,2,1,0,2.1034,0.3793,0.6552
2023,1604 - Bois-Gentil,1919,787,516,265,241,80,30,2.1824,0.4101,0.679
2023,1605 - Bossons,1797,765,512,241,195,62,22,2.0902,0.4257,0.7106
2023,1606 - Blécherette,72,14,25,18,13,2,0,2.5,0.1944,0.5417
2023,17 - Beaulieu/Grey/Boisy,3064,1305,934,391,305,101,28,2.0454,0.4259,0.7307
2023,1701 - Beaulieu,110,33,38,19,19,1,0,2.2455,0.3,0.6455
2023,1702 - Bergières,1084,419,338,157,107,52,11,2.1504,0.3865,0.6983
2023,1703 - Pierrefleur,1870,853,558,215,179,48,17,1.9727,0.4561,0.7545
2023,2 - Maupas/Valency,7723,4261,1985,840,464,129,44,1.7558,0.5517,0.8088
2023,201 - Maupas,1708,1015,409,161,96,24,3,1.6633,0.5943,0.8337
2023,202 - Av. d'Echallens,2094,1131,585,214,118,31,15,1.755,0.5401,0.8195
2023,203 - Montétan,1328,743,320,165,74,19,7,1.7455,0.5595,0.8005
2023,204 - Chablière,1499,719,411,195,121,40,13,1.9353,0.4797,0.7538
2023,205 - Valency,1094,653,260,105,55,15,6,1.6682,0.5969,0.8346
2023,3 - Sébeillon/Malley,5771,2741,1538,728,484,199,81,1.9925,0.475,0.7415
2023,301 - Av. de Morges,1948,997,528,185,155,61,22,1.8927,0.5118,0.7829
2023,302 - Rue de Sébeillon,84,22,21,20,17,3,1,2.5476,0.2619,0.5119
2023,303 - Tivoli,1199,577,359,155,78,25,5,1.8616,0.4812,0.7807
2023,304 - Prélaz,1433,708,328,193,115,49,40,2.0433,0.4941,0.723
2023,305 - Gare de Sébeillon,420,179,130,63,32,12,4,2.0095,0.4262,0.7357
2023,306 - Av. de Provence,1,0,1,0,0,0,0,2.0,0.0,1.0
2023,307 - Malley,686,258,171,112,87,49,9,2.3207,0.3761,0.6254
2023,4 - Montoie/Bourdonnette,3752,1763,950,466,357,158,58,2.0482,0.4699,0.7231
2023,401 - Montoie,1886,971,492,202,137,69,15,1.8871,0.5148,0.7757
2023,402 - Vallée de la Jeunesse,140,40,34,29,27,9,1,2.5357,0.2857,0.5286
2023,403 - Pyramides,670,353,161,77,50,20,9,1.894,0.5269,0.7672
2023,404 - Prés-de-Vidy,433,274,92,35,22,6,4,1.6374,0.6328,0.8453
2023,405 - Bourget,3,0,2,1,0,0,0,2.3333,0.0,0.6667
2023,406 - Bourdonnette,620,125,169,122,121,54,29,2.8806,0.2016,0.4742
2023,5 - Montriond/Cour,4364,2140,1203,527,377,89,28,1.8964,0.4904,0.766
2023,501 - Marc-Dufour,1606,863,426,177,100,33,7,1.7808,0.5374,0.8026
2023,503 - Les Cèdres,21,11,5,2,3,0,0,1.8571,0.5238,0.7619
2023,504 - Cour,1152,522,341,144,113,22,10,1.9688,0.4531,0.7491
2023,505 - Mont-d'Or,1582,743,431,202,161,34,11,1.9608,0.4697,0.7421
2023,506 - Bellerive,3,1,0,2,0,0,0,2.3333,0.3333,0.3333
2023,6 - Sous-Gare/Ouchy,5930,3189,1538,639,433,109,22,1.7897,0.5378,0.7971
2023,601 - Grancy,1958,1033,481,240,159,37,8,1.8345,0.5276,0.7732
2023,602 - Harpe,2477,1319,673,247,182,48,8,1.7885,0.5325,0.8042
2023,603 - Av. d'Ouchy,631,315,168,80,47,19,2,1.8827,0.4992,0.7655
2023,604 - Ouchy,864,522,216,72,45,5,4,1.6238,0.6042,0.8542
2023,7 - Montchoisi,2172,1238,534,198,162,29,11,1.7357,0.57,0.8158
2023,701 - Montchoisi,2059,1191,506,181,143,27,11,1.7144,0.5784,0.8242
2023,702 - Elysée,113,47,28,17,19,2,0,2.1239,0.4159,0.6637
2023,8 - Florimont/Chissiez,3017,1466,839,338,259,89,26,1.9294,0.4859,0.764
2023,801 - Florimont,1019,487,266,129,101,27,9,1.9706,0.4779,0.739
2023,802 - Av. Rambert,562,206,190,69,64,26,7,2.1851,0.3665,0.7046
2023,803 - Chissiez,1436,773,383,140,94,36,10,1.8001,0.5383,0.805
2023,9 - Mousquines/Bellevue,1292,566,359,173,144,37,13,2.055,0.4381,0.7159
2023,90 - Zones foraines,1687,534,471,248,316,78,40,2.4624,0.3165,0.5957
2023,901 - Mon-Repos,93,44,15,15,18,1,0,2.1075,0.4731,0.6344
2023,9010 - Les Râpes,1462,481,396,210,278,65,32,2.4378,0.329,0.5999
2023,902 - Av. Secrétan,810,316,251,108,100,24,11,2.1469,0.3901,0.7
2023,9020 - Montheron,53,17,17,9,6,2,2,2.3774,0.3208,0.6415
2023,903 - Ch. de la Vuachère,389,206,93,50,26,12,2,1.8509,0.5296,0.7686
2023,9030 - Vernand,172,36,58,29,32,11,6,2.6977,0.2093,0.5465
2023,Ville de Lausanne,74919,36833,19572,8846,6680,2204,784,1.9453,0.4916,0.7529
2024,1 - Centre,7690,4450,1905,730,466,101,38,1.7016,0.5787,0.8264
2024,10 - Vallon/Béthusy,3531,1954,901,361,242,52,21,1.7598,0.5534,0.8086
2024,1001 - Le Vallon,856,450,221,104,58,19,4,1.8213,0.5257,0.7839
2024,1002 - Hôpitaux,43,22,14,5,2,0,0,1.6977,0.5116,0.8372
2024,1003 - Victor-Ruffy,1344,740,314,149,110,20,11,1.8095,0.5506,0.7842
2024,1004 - Béthusy,1288,742,352,103,72,13,6,1.6693,0.5761,0.8494
2024,101 - Rue Centrale,1474,932,343,126,58,12,3,1.5665,0.6323,0.865
2024,102 - Chauderon,1423,900,330,118,59,12,4,1.5727,0.6325,0.8644
2024,103 - Flon,28,15,11,2,0,0,0,1.5357,0.5357,0.9286
2024,104 - Montbenon,98,51,34,8,4,0,1,1.6939,0.5204,0.8673
2024,105 - Gare/Petit-Chêne,778,427,205,86,47,10,3,1.7404,0.5488,0.8123
2024,106 - Georgette,779,368,208,91,86,21,5,1.9782,0.4724,0.7394
2024,107 - Avant-Poste,926,463,256,110,80,12,5,1.8575,0.5,0.7765
2024,108 - Marterey,1115,659,261,94,70,21,10,1.7202,0.591,0.8251
2024,109 - Cité,428,253,102,36,30,6,1,1.6869,0.5911,0.8294
2024,11 - Chailly/Rovéréaz,4547,2101,1213,544,514,126,49,2.0207,0.4621,0.7288
2024,110 - Riponne/Tunnel,641,382,155,59,32,7,6,1.6755,0.5959,0.8378
2024,1101 - Chailly,2489,1313,632,271,222,39,12,1.8309,0.5275,0.7814
2024,1102 - Plaisante,710,279,192,92,101,33,13,2.2521,0.393,0.6634
2024,1103 - Bois de Rovéréaz,23,4,9,3,4,0,3,2.9565,0.1739,0.5652
2024,1104 - Craivavers,340,73,125,49,66,17,10,2.6147,0.2147,0.5824
2024,1105 - Devin,985,432,255,129,121,37,11,2.1066,0.4386,0.6975
2024,12 - Sallaz/Vennes/Séchaud,7054,2835,1793,975,891,386,174,2.2764,0.4019,0.6561
2024,1201 - La Sallaz,1814,882,453,211,195,55,18,1.9857,0.4862,0.7359
2024,1202 - Vennes,704,334,159,65,73,48,25,2.2074,0.4744,0.7003
2024,1203 - Rte de Berne,1523,552,429,229,202,79,32,2.3139,0.3624,0.6441
2024,1204 - Valmont,543,280,138,68,35,18,4,1.8748,0.5157,0.7698
2024,1205 - Grangette,684,195,175,116,102,67,29,2.6886,0.2851,0.5409
2024,1206 - Praz-Séchaud,755,154,168,154,161,72,46,3.0172,0.204,0.4265
2024,1207 - Ch. des Roches,163,40,46,38,25,11,3,2.589,0.2454,0.5276
2024,1208 - Grand-Vennes,868,398,225,94,98,36,17,2.0979,0.4585,0.7177
2024,13 - Sauvabelin,374,102,84,89,68,23,8,2.6203,0.2727,0.4973
2024,1301 - Sauvabelin,27,9,7,4,4,2,1,2.5185,0.3333,0.5926
2024,1302 - Pré-Fleuri,347,93,77,85,64,21,7,2.6282,0.268,0.4899
2024,14 - Borde/Bellevaux,4864,2334,1262,582,433,193,60,1.9986,0.4799,0.7393
2024,1401 - Borde,994,451,247,134,91,49,22,2.1227,0.4537,0.7022
2024,1402 - Rouvraie,927,461,267,102,72,21,4,1.8576,0.4973,0.7853
2024,1403 - Bellevaux,2561,1234,653,303,229,112,30,2.0051,0.4818,0.7368
2024,1404 - Rte du Signal,382,188,95,43,41,11,4,1.9738,0.4921,0.7408
2024,15 - Vinet/Pontaise,4135,2324,1035,418,257,84,17,1.7449,0.562,0.8123
2024,1501 - Pré-du-Marché,1143,690,268,100,68,14,3,1.6527,0.6037,0.8381
2024,1502 - Valentin,1549,877,395,151,96,24,6,1.7211,0.5662,0.8212
2024,1503 - Pontaise,1443,757,372,167,93,46,8,1.8434,0.5246,0.7824
2024,16 - Bossons/Blécherette,4458,1785,1199,649,533,207,85,2.2189,0.4004,0.6694
2024,1601 - Stade,2,1,0,1,0,0,0,2.0,0.5,0.5
2024,1602 - Ancien-Stand,324,85,83,66,49,31,10,2.6852,0.2623,0.5185
2024,1603 - Bois-Mermet,29,10,10,7,1,1,0,2.069,0.3448,0.6897
2024,1604 - Bois-Gentil,1917,812,506,245,237,82,35,2.1711,0.4236,0.6875
2024,1605 - Bossons,2116,866,575,313,231,91,40,2.1805,0.4093,0.681
2024,1606 - Blécherette,70,11,25,17,15,2,0,2.6,0.1571,0.5143
2024,17 - Beaulieu/Grey/Boisy,3023,1300,896,382,318,100,27,2.0506,0.43,0.7264
2024,1701 - Beaulieu,106,31,38,17,18,2,0,2.2642,0.2925,0.6509
2024,1702 - Bergières,1070,420,322,153,122,44,9,2.1439,0.3925,0.6935
2024,1703 - Pierrefleur,1847,849,536,212,178,54,18,1.9843,0.4597,0.7499
2024,2 - Maupas/Valency,7655,4210,2005,822,451,127,40,1.7511,0.55,0.8119
2024,201 - Maupas,1694,998,419,164,87,22,4,1.6612,0.5891,0.8365
2024,202 - Av. d'Echallens,2062,1102,598,213,114,27,8,1.7381,0.5344,0.8244
2024,203 - Montétan,1320,728,336,159,70,21,6,1.7455,0.5515,0.8061
2024,204 - Chablière,1488,734,382,191,120,43,18,1.9435,0.4933,0.75
2024,205 - Valency,1091,648,270,95,60,14,4,1.6599,0.594,0.8414
2024,3 - Sébeillon/Malley,5788,2751,1557,692,513,184,91,1.9955,0.4753,0.7443
2024,301 - Av. de Morges,1917,990,495,183,165,54,30,1.9139,0.5164,0.7746
2024,302 - Rue de Sébeillon,85,22,22,19,18,2,2,2.5765,0.2588,0.5176
2024,303 - Tivoli,1176,560,362,147,83,20,4,1.858,0.4762,0.784
2024,304 - Prélaz,1440,695,353,179,119,55,39,2.0569,0.4826,0.7278
2024,305 - Gare de Sébeillon,477,225,142,61,34,10,5,1.914,0.4717,0.7694
2024,306 - Av. de Provence,1,0,1,0,0,0,0,2.0,0.0,1.0
2024,307 - Malley,692,259,182,103,94,43,11,2.3121,0.3743,0.6373
2024,4 - Montoie/Bourdonnette,3739,1772,924,454,371,150,68,2.0572,0.4739,0.721
2024,401 - Montoie,1868,973,487,185,137,63,23,1.8876,0.5209,0.7816
2024,402 - Vallée de la Jeunesse,141,40,34,29,26,10,2,2.5745,0.2837,0.5248
2024,403 - Pyramides,688,379,151,77,54,22,5,1.8503,0.5509,0.7703
2024,404 - Prés-de-Vidy,427,259,91,36,31,6,4,1.7119,0.6066,0.8197
2024,405 - Bourget,3,0,2,1,0,0,0,2.3333,0.0,0.6667
2024,406 - Bourdonnette,612,121,159,126,123,49,34,2.9281,0.1977,0.4575
2024,5 - Montriond/Cour,4363,2161,1177,520,394,87,24,1.8918,0.4953,0.7651
2024,501 - Marc-Dufour,1584,843,410,182,117,27,5,1.7973,0.5322,0.791
2024,503 - Les Cèdres,22,11,7,0,4,0,0,1.8636,0.5,0.8182
2024,504 - Cour,1133,516,328,136,116,26,11,1.9868,0.4554,0.7449
2024,505 - Mont-d'Or,1621,790,432,200,157,34,8,1.9173,0.4874,0.7539
2024,506 - Bellerive,3,1,0,2,0,0,0,2.3333,0.3333,0.3333
2024,6 - Sous-Gare/Ouchy,5962,3222,1550,623,445,102,20,1.7814,0.5404,0.8004
2024,601 - Grancy,1962,1033,488,238,160,33,10,1.8338,0.5265,0.7752
2024,602 - Harpe,2490,1330,681,241,189,42,7,1.7791,0.5341,0.8076
2024,603 - Av. d'Ouchy,641,329,164,75,53,18,2,1.869,0.5133,0.7691
2024,604 - Ouchy,869,530,217,69,43,9,1,1.6053,0.6099,0.8596
2024,7 - Montchoisi,2193,1280,515,197,166,27,8,1.7127,0.5837,0.8185
2024,701 - Montchoisi,2081,1234,489,175,148,27,8,1.6915,0.593,0.828
2024,702 - Elysée,112,46,26,22,18,0,0,2.1071,0.4107,0.6429
2024,8 - Florimont/Chissiez,3000,1434,844,358,245,95,24,1.9397,0.478,0.7593
2024,801 - Florimont,1018,485,264,137,97,27,8,1.9676,0.4764,0.7358
2024,802 - Av. Rambert,555,198,182,78,62,29,6,2.218,0.3568,0.6847
2024,803 - Chissiez,1427,751,398,143,86,39,10,1.8115,0.5263,0.8052
2024,9 - Mousquines/Bellevue,1303,581,367,168,139,35,13,2.0269,0.4459,0.7276
2024,90 - Zones foraines,1734,566,494,249,295,99,31,2.4181,0.3264,0.6113
2024,901 - Mon-Repos,99,49,17,18,13,2,0,2.0101,0.4949,0.6667
2024,9010 - Les Râpes,1507,513,419,207,266,77,25,2.3862,0.3404,0.6184
2024,902 - Av. Secrétan,816,322,256,100,102,25,11,2.1373,0.3946,0.7083
2024,9020 - Montheron,53,16,20,9,3,4,1,2.3019,0.3019,0.6792
2024,903 - Ch. de la Vuachère,388,210,94,50,24,8,2,1.799,0.5412,0.7835
2024,9030 - Vernand,174,37,55,33,26,18,5,2.7299,0.2126,0.5287
2024,Ville de Lausanne,75413,37162,19721,8813,6741,2178,798,1.9424,0.4928,0.7543
2025,1 - Centre,7677,4429,1898,729,466,113,42,1.711,0.5769,0.8242
2025,10 - Vallon/Béthusy,3553,1975,899,359,237,59,24,1.7622,0.5559,0.8089
2025,1001 - Le Vallon,885,474,228,89,61,26,7,1.8305,0.5356,0.7932
2025,1002 - Hôpitaux,38,17,13,7,1,0,0,1.7895,0.4474,0.7895
2025,1003 - Victor-Ruffy,1332,732,307,155,107,21,10,1.8123,0.5495,0.78
2025,1004 - Béthusy,1298,752,351,108,68,12,7,1.6633,0.5794,0.8498
2025,101 - Rue Centrale,1482,937,345,126,52,17,5,1.5742,0.6323,0.865
2025,102 - Chauderon,1420,905,317,113,63,16,6,1.5859,0.6373,0.8606
2025,103 - Flon,26,14,9,3,0,0,0,1.5769,0.5385,0.8846
2025,104 - Montbenon,89,45,34,6,3,0,1,1.6854,0.5056,0.8876
2025,105 - Gare/Petit-Chêne,768,399,223,87,46,10,3,1.7721,0.5195,0.8099
2025,106 - Georgette,783,374,203,96,82,22,6,1.977,0.4777,0.7369
2025,107 - Avant-Poste,946,482,254,106,88,11,5,1.8499,0.5095,0.778
2025,108 - Marterey,1098,642,258,102,67,19,10,1.7277,0.5847,0.8197
2025,109 - Cité,423,247,103,35,32,5,1,1.6974,0.5839,0.8274
2025,11 - Chailly/Rovéréaz,4585,2150,1211,552,491,128,53,2.0072,0.4689,0.733
2025,110 - Riponne/Tunnel,642,384,152,55,33,13,5,1.69,0.5981,0.8349
2025,1101 - Chailly,2488,1312,646,265,210,39,16,1.8272,0.5273,0.787
2025,1102 - Plaisante,722,304,188,95,95,26,14,2.1787,0.4211,0.6814
2025,1103 - Bois de Rovéréaz,23,5,6,2,5,1,4,3.3043,0.2174,0.4783
2025,1104 - Craivavers,349,79,120,56,64,22,8,2.6046,0.2264,0.5702
2025,1105 - Devin,1003,450,251,134,117,40,11,2.0927,0.4487,0.6989
2025,12 - Sallaz/Vennes/Séchaud,7094,2869,1771,979,924,368,183,2.2787,0.4044,0.6541
2025,1201 - La Sallaz,1870,898,471,224,195,58,24,2.0053,0.4802,0.7321
2025,1202 - Vennes,708,326,165,74,70,45,28,2.2302,0.4605,0.6935
2025,1203 - Rte de Berne,1522,565,420,216,212,76,33,2.3075,0.3712,0.6472
2025,1204 - Valmont,533,279,129,60,41,17,7,1.9043,0.5235,0.7655
2025,1205 - Grangette,660,182,168,106,119,60,25,2.7076,0.2758,0.5303
2025,1206 - Praz-Séchaud,752,152,173,155,153,72,47,3.0106,0.2021,0.4322
2025,1207 - Ch. des Roches,165,40,49,39,28,5,4,2.5455,0.2424,0.5394
2025,1208 - Grand-Vennes,884,427,196,105,106,35,15,2.0792,0.483,0.7048
2025,13 - Sauvabelin,378,111,88,83,66,22,8,2.5556,0.2937,0.5265
2025,1301 - Sauvabelin,26,8,7,3,4,3,1,2.6538,0.3077,0.5769
2025,1302 - Pré-Fleuri,352,103,81,80,62,19,7,2.5483,0.2926,0.5227
2025,14 - Borde/Bellevaux,4928,2333,1296,589,452,197,61,2.0114,0.4734,0.7364
2025,1401 - Borde,1023,469,256,133,92,53,20,2.1046,0.4585,0.7087
2025,1402 - Rouvraie,974,472,278,108,86,22,8,1.9117,0.4846,0.77
2025,1403 - Bellevaux,2546,1219,651,301,236,110,29,2.0114,0.4788,0.7345
2025,1404 - Rte du Signal,385,173,111,47,38,12,4,2.0156,0.4494,0.7377
2025,15 - Vinet/Pontaise,4143,2319,1050,414,256,78,26,1.7516,0.5597,0.8132
2025,1501 - Pré-du-Marché,1126,675,272,105,61,7,6,1.6474,0.5995,0.841
2025,1502 - Valentin,1560,875,401,152,94,29,9,1.7417,0.5609,0.8179
2025,1503 - Pontaise,1457,769,377,157,101,42,11,1.8428,0.5278,0.7865
2025,16 - Bossons/Blécherette,4545,1814,1202,675,560,206,88,2.2286,0.3991,0.6636
2025,1601 - Stade,2,1,0,1,0,0,0,2.0,0.5,0.5
2025,1602 - Ancien-Stand,322,87,84,66,45,28,12,2.6615,0.2702,0.5311
2025,1603 - Bois-Mermet,29,11,7,9,1,1,0,2.1034,0.3793,0.6207
2025,1604 - Bois-Gentil,1918,804,502,262,243,75,32,2.1715,0.4192,0.6809
2025,1605 - Bossons,2204,898,589,318,257,100,42,2.2015,0.4074,0.6747
2025,1606 - Blécherette,70,13,20,19,14,2,2,2.7143,0.1857,0.4714
2025,17 - Beaulieu/Grey/Boisy,3054,1332,877,390,328,94,33,2.0527,0.4361,0.7233
2025,1701 - Beaulieu,110,31,43,20,15,1,0,2.2,0.2818,0.6727
2025,1702 - Bergières,1090,430,324,147,137,39,13,2.1587,0.3945,0.6917
2025,1703 - Pierrefleur,1854,871,510,223,176,54,20,1.9817,0.4698,0.7449
2025,2 - Maupas/Valency,7714,4277,1986,818,463,131,39,1.7479,0.5544,0.8119
2025,201 - Maupas,1699,1013,405,172,83,20,6,1.6557,0.5962,0.8346
2025,202 - Av. d'Echallens,2079,1141,567,222,116,26,7,1.7239,0.5488,0.8215
2025,203 - Montétan,1333,737,342,149,82,17,6,1.7427,0.5529,0.8095
2025,204 - Chablière,1497,734,404,177,121,45,16,1.9332,0.4903,0.7602
2025,205 - Valency,1106,652,268,98,61,23,4,1.6899,0.5895,0.8318
2025,3 - Sébeillon/Malley,5703,2724,1504,707,492,193,83,1.9932,0.4776,0.7414
2025,301 - Av. de Morges,1830,906,491,197,154,53,29,1.947,0.4951,0.7634
2025,302 - Rue de Sébeillon,84,23,21,19,15,5,1,2.5476,0.2738,0.5238
2025,303 - Tivoli,1176,587,335,147,80,26,1,1.8325,0.4991,0.784
2025,304 - Prélaz,1443,712,336,186,113,62,34,2.0388,0.4934,0.7263
2025,305 - Gare de Sébeillon,479,233,147,54,35,3,7,1.8643,0.4864,0.7933
2025,306 - Av. de Provence,1,0,1,0,0,0,0,2.0,0.0,1.0
2025,307 - Malley,690,263,173,104,95,44,11,2.3159,0.3812,0.6319
2025,4 - Montoie/Bourdonnette,3732,1740,968,446,368,145,65,2.0541,0.4662,0.7256
2025,401 - Montoie,1882,981,505,186,132,58,20,1.8634,0.5213,0.7896
2025,402 - Vallée de la Jeunesse,141,37,41,23,25,13,2,2.6028,0.2624,0.5532
2025,403 - Pyramides,663,349,166,68,56,17,7,1.8748,0.5264,0.7768
2025,404 - Prés-de-Vidy,429,254,91,47,27,6,4,1.7319,0.5921,0.8042
2025,405 - Bourget,3,0,3,0,0,0,0,2.0,0.0,1.0
2025,406 - Bourdonnette,614,119,162,122,128,51,32,2.9316,0.1938,0.4577
2025,5 - Montriond/Cour,4335,2173,1096,546,414,83,23,1.8997,0.5013,0.7541
2025,501 - Marc-Dufour,1581,858,388,179,125,26,5,1.7938,0.5427,0.7881
2025,503 - Les Cèdres,19,10,5,1,3,0,0,1.8421,0.5263,0.7895
2025,504 - Cour,1135,527,309,149,118,23,9,1.9753,0.4643,0.7366
2025,505 - Mont-d'Or,1598,777,394,216,168,34,9,1.9512,0.4862,0.7328
2025,506 - Bellerive,2,1,0,1,0,0,0,2.0,0.5,0.5
2025,6 - Sous-Gare/Ouchy,5931,3208,1513,625,460,108,17,1.7886,0.5409,0.796
2025,601 - Grancy,1963,1053,478,220,168,35,9,1.8232,0.5364,0.7799
2025,602 - Harpe,2451,1300,656,261,185,45,4,1.7903,0.5304,0.798
2025,603 - Av. d'Ouchy,636,325,159,71,60,19,2,1.8947,0.511,0.761
2025,604 - Ouchy,881,530,220,73,47,9,2,1.63,0.6016,0.8513
2025,7 - Montchoisi,2187,1276,522,197,157,29,6,1.7037,0.5834,0.8221
2025,701 - Montchoisi,2075,1228,492,181,140,28,6,1.6853,0.5918,0.8289
2025,702 - Elysée,112,48,30,16,17,1,0,2.0446,0.4286,0.6964
2025,8 - Florimont/Chissiez,3009,1452,836,345,253,98,25,1.9395,0.4826,0.7604
2025,801 - Florimont,1035,491,280,129,94,33,8,1.9662,0.4744,0.7449
2025,802 - Av. Rambert,551,190,176,81,73,26,5,2.2541,0.3448,0.6642
2025,803 - Chissiez,1423,771,380,135,86,39,12,1.7983,0.5418,0.8089
2025,9 - Mousquines/Bellevue,1290,580,366,159,134,39,12,2.0186,0.4496,0.7333
2025,90 - Zones foraines,1679,524,499,251,290,83,32,2.4264,0.3121,0.6093
2025,901 - Mon-Repos,98,50,16,20,10,2,0,1.9592,0.5102,0.6735
2025,9010 - Les Râpes,1452,470,420,211,258,65,28,2.4077,0.3237,0.6129
2025,902 - Av. Secrétan,809,323,252,95,98,32,9,2.1347,0.3993,0.7108
2025,9020 - Montheron,52,14,22,7,4,4,1,2.3462,0.2692,0.6923
2025,903 - Ch. de la Vuachère,383,207,98,44,26,5,3,1.7885,0.5405,0.7963
2025,9030 - Vernand,175,40,57,33,28,14,3,2.6057,0.2286,0.5543
2025,Ville de Lausanne,75537,37286,19582,8864,6811,2174,820,1.9447,0.4936,0.7528